baseball_bunt/baseball_bunt_000.mp4,0
baseball_bunt/baseball_bunt_001.mp4,0
baseball_bunt/baseball_bunt_002.mp4,0
baseball_bunt/baseball_bunt_003.mp4,0
baseball_bunt/baseball_bunt_004.mp4,0
baseball_bunt/baseball_bunt_005.mp4,0
baseball_bunt/baseball_bunt_006.mp4,0
baseball_bunt/baseball_bunt_007.mp4,0
baseball_bunt/baseball_bunt_008.mp4,0
baseball_bunt/baseball_bunt_009.mp4,0
baseball_bunt/baseball_bunt_010.mp4,0
baseball_bunt/baseball_bunt_011.mp4,0
baseball_bunt/baseball_bunt_012.mp4,0
baseball_bunt/baseball_bunt_013.mp4,0
baseball_bunt/baseball_bunt_014.mp4,0
baseball_bunt/baseball_bunt_015.mp4,0
baseball_catch_catcher/baseball_catch_catcher_000.mp4,1
baseball_catch_catcher/baseball_catch_catcher_001.mp4,1
baseball_catch_catcher/baseball_catch_catcher_002.mp4,1
baseball_catch_catcher/baseball_catch_catcher_003.mp4,1
baseball_catch_catcher/baseball_catch_catcher_004.mp4,1
baseball_catch_catcher/baseball_catch_catcher_005.mp4,1
baseball_catch_catcher/baseball_catch_catcher_006.mp4,1
baseball_catch_catcher/baseball_catch_catcher_007.mp4,1
baseball_catch_catcher/baseball_catch_catcher_008.mp4,1
baseball_catch_catcher/baseball_catch_catcher_009.mp4,1
baseball_catch_catcher/baseball_catch_catcher_010.mp4,1
baseball_catch_catcher/baseball_catch_catcher_011.mp4,1
baseball_catch_catcher/baseball_catch_catcher_012.mp4,1
baseball_catch_catcher/baseball_catch_catcher_013.mp4,1
baseball_catch_catcher/baseball_catch_catcher_014.mp4,1
baseball_catch_catcher/baseball_catch_catcher_015.mp4,1
baseball_catch_flyball/baseball_catch_flyball_000.mp4,2
baseball_catch_flyball/baseball_catch_flyball_001.mp4,2
baseball_catch_flyball/baseball_catch_flyball_002.mp4,2
baseball_catch_flyball/baseball_catch_flyball_003.mp4,2
baseball_catch_flyball/baseball_catch_flyball_004.mp4,2
baseball_catch_flyball/baseball_catch_flyball_005.mp4,2
baseball_catch_flyball/baseball_catch_flyball_006.mp4,2
baseball_catch_flyball/baseball_catch_flyball_007.mp4,2
baseball_catch_flyball/baseball_catch_flyball_008.mp4,2
baseball_catch_flyball/baseball_catch_flyball_009.mp4,2
baseball_catch_flyball/baseball_catch_flyball_010.mp4,2
baseball_catch_flyball/baseball_catch_flyball_011.mp4,2
baseball_catch_flyball/baseball_catch_flyball_012.mp4,2
baseball_catch_flyball/baseball_catch_flyball_013.mp4,2
baseball_catch_flyball/baseball_catch_flyball_014.mp4,2
baseball_catch_flyball/baseball_catch_flyball_015.mp4,2
baseball_catch_groundball/baseball_catch_groundball_000.mp4,3
baseball_catch_groundball/baseball_catch_groundball_001.mp4,3
baseball_catch_groundball/baseball_catch_groundball_002.mp4,3
baseball_catch_groundball/baseball_catch_groundball_003.mp4,3
baseball_catch_groundball/baseball_catch_groundball_004.mp4,3
baseball_catch_groundball/baseball_catch_groundball_005.mp4,3
baseball_catch_groundball/baseball_catch_groundball_006.mp4,3
baseball_catch_groundball/baseball_catch_groundball_007.mp4,3
baseball_catch_groundball/baseball_catch_groundball_008.mp4,3
baseball_catch_groundball/baseball_catch_groundball_009.mp4,3
baseball_catch_groundball/baseball_catch_groundball_010.mp4,3
baseball_catch_groundball/baseball_catch_groundball_011.mp4,3
baseball_catch_groundball/baseball_catch_groundball_012.mp4,3
baseball_catch_groundball/baseball_catch_groundball_013.mp4,3
baseball_catch_groundball/baseball_catch_groundball_014.mp4,3
baseball_catch_groundball/baseball_catch_groundball_015.mp4,3
baseball_pitch/baseball_pitch_000.mp4,4
baseball_pitch/baseball_pitch_001.mp4,4
baseball_pitch/baseball_pitch_002.mp4,4
baseball_pitch/baseball_pitch_003.mp4,4
baseball_pitch/baseball_pitch_004.mp4,4
baseball_pitch/baseball_pitch_005.mp4,4
baseball_pitch/baseball_pitch_006.mp4,4
baseball_pitch/baseball_pitch_007.mp4,4
baseball_pitch/baseball_pitch_008.mp4,4
baseball_pitch/baseball_pitch_009.mp4,4
baseball_pitch/baseball_pitch_010.mp4,4
baseball_pitch/baseball_pitch_011.mp4,4
baseball_pitch/baseball_pitch_012.mp4,4
baseball_pitch/baseball_pitch_013.mp4,4
baseball_pitch/baseball_pitch_014.mp4,4
baseball_pitch/baseball_pitch_015.mp4,4
baseball_run/baseball_run_000.mp4,5
baseball_run/baseball_run_001.mp4,5
baseball_run/baseball_run_002.mp4,5
baseball_run/baseball_run_003.mp4,5
baseball_run/baseball_run_004.mp4,5
baseball_run/baseball_run_005.mp4,5
baseball_run/baseball_run_006.mp4,5
baseball_run/baseball_run_007.mp4,5
baseball_run/baseball_run_008.mp4,5
baseball_run/baseball_run_009.mp4,5
baseball_run/baseball_run_010.mp4,5
baseball_run/baseball_run_011.mp4,5
baseball_run/baseball_run_012.mp4,5
baseball_run/baseball_run_013.mp4,5
baseball_run/baseball_run_014.mp4,5
baseball_run/baseball_run_015.mp4,5
baseball_swing/baseball_swing_000.mp4,6
baseball_swing/baseball_swing_001.mp4,6
baseball_swing/baseball_swing_002.mp4,6
baseball_swing/baseball_swing_003.mp4,6
baseball_swing/baseball_swing_004.mp4,6
baseball_swing/baseball_swing_005.mp4,6
baseball_swing/baseball_swing_006.mp4,6
baseball_swing/baseball_swing_007.mp4,6
baseball_swing/baseball_swing_008.mp4,6
baseball_swing/baseball_swing_009.mp4,6
baseball_swing/baseball_swing_010.mp4,6
baseball_swing/baseball_swing_011.mp4,6
baseball_swing/baseball_swing_012.mp4,6
baseball_swing/baseball_swing_013.mp4,6
baseball_swing/baseball_swing_014.mp4,6
baseball_swing/baseball_swing_015.mp4,6
basketball_dribble/basketball_dribble_000.mp4,7
basketball_dribble/basketball_dribble_001.mp4,7
basketball_dribble/basketball_dribble_002.mp4,7
basketball_dribble/basketball_dribble_003.mp4,7
basketball_dribble/basketball_dribble_004.mp4,7
basketball_dribble/basketball_dribble_005.mp4,7
basketball_dribble/basketball_dribble_006.mp4,7
basketball_dribble/basketball_dribble_007.mp4,7
basketball_dribble/basketball_dribble_008.mp4,7
basketball_dribble/basketball_dribble_009.mp4,7
basketball_dribble/basketball_dribble_010.mp4,7
basketball_dribble/basketball_dribble_011.mp4,7
basketball_dribble/basketball_dribble_012.mp4,7
basketball_dribble/basketball_dribble_013.mp4,7
basketball_dribble/basketball_dribble_014.mp4,7
basketball_dribble/basketball_dribble_015.mp4,7
basketball_dunk/basketball_dunk_000.mp4,8
basketball_dunk/basketball_dunk_001.mp4,8
basketball_dunk/basketball_dunk_002.mp4,8
basketball_dunk/basketball_dunk_003.mp4,8
basketball_dunk/basketball_dunk_004.mp4,8
basketball_dunk/basketball_dunk_005.mp4,8
basketball_dunk/basketball_dunk_006.mp4,8
basketball_dunk/basketball_dunk_007.mp4,8
basketball_dunk/basketball_dunk_008.mp4,8
basketball_dunk/basketball_dunk_009.mp4,8
basketball_dunk/basketball_dunk_010.mp4,8
basketball_dunk/basketball_dunk_011.mp4,8
basketball_dunk/basketball_dunk_012.mp4,8
basketball_dunk/basketball_dunk_013.mp4,8
basketball_dunk/basketball_dunk_014.mp4,8
basketball_dunk/basketball_dunk_015.mp4,8
basketball_hookshot/basketball_hookshot_000.mp4,9
basketball_hookshot/basketball_hookshot_001.mp4,9
basketball_hookshot/basketball_hookshot_002.mp4,9
basketball_hookshot/basketball_hookshot_003.mp4,9
basketball_hookshot/basketball_hookshot_004.mp4,9
basketball_hookshot/basketball_hookshot_005.mp4,9
basketball_hookshot/basketball_hookshot_006.mp4,9
basketball_hookshot/basketball_hookshot_007.mp4,9
basketball_hookshot/basketball_hookshot_008.mp4,9
basketball_hookshot/basketball_hookshot_009.mp4,9
basketball_hookshot/basketball_hookshot_010.mp4,9
basketball_hookshot/basketball_hookshot_011.mp4,9
basketball_hookshot/basketball_hookshot_012.mp4,9
basketball_hookshot/basketball_hookshot_013.mp4,9
basketball_hookshot/basketball_hookshot_014.mp4,9
basketball_hookshot/basketball_hookshot_015.mp4,9
basketball_jabstep/basketball_jabstep_000.mp4,10
basketball_jabstep/basketball_jabstep_001.mp4,10
basketball_jabstep/basketball_jabstep_002.mp4,10
basketball_jabstep/basketball_jabstep_003.mp4,10
basketball_jabstep/basketball_jabstep_004.mp4,10
basketball_jabstep/basketball_jabstep_005.mp4,10
basketball_jabstep/basketball_jabstep_006.mp4,10
basketball_jabstep/basketball_jabstep_007.mp4,10
basketball_jabstep/basketball_jabstep_008.mp4,10
basketball_jabstep/basketball_jabstep_009.mp4,10
basketball_jabstep/basketball_jabstep_010.mp4,10
basketball_jabstep/basketball_jabstep_011.mp4,10
basketball_jabstep/basketball_jabstep_012.mp4,10
basketball_jabstep/basketball_jabstep_013.mp4,10
basketball_jabstep/basketball_jabstep_014.mp4,10
basketball_jabstep/basketball_jabstep_015.mp4,10
basketball_layup/basketball_layup_000.mp4,11
basketball_layup/basketball_layup_001.mp4,11
basketball_layup/basketball_layup_002.mp4,11
basketball_layup/basketball_layup_003.mp4,11
basketball_layup/basketball_layup_004.mp4,11
basketball_layup/basketball_layup_005.mp4,11
basketball_layup/basketball_layup_006.mp4,11
basketball_layup/basketball_layup_007.mp4,11
basketball_layup/basketball_layup_008.mp4,11
basketball_layup/basketball_layup_009.mp4,11
basketball_layup/basketball_layup_010.mp4,11
basketball_layup/basketball_layup_011.mp4,11
basketball_layup/basketball_layup_012.mp4,11
basketball_layup/basketball_layup_013.mp4,11
basketball_layup/basketball_layup_014.mp4,11
basketball_layup/basketball_layup_015.mp4,11
basketball_pass/basketball_pass_000.mp4,12
basketball_pass/basketball_pass_001.mp4,12
basketball_pass/basketball_pass_002.mp4,12
basketball_pass/basketball_pass_003.mp4,12
basketball_pass/basketball_pass_004.mp4,12
basketball_pass/basketball_pass_005.mp4,12
basketball_pass/basketball_pass_006.mp4,12
basketball_pass/basketball_pass_007.mp4,12
basketball_pass/basketball_pass_008.mp4,12
basketball_pass/basketball_pass_009.mp4,12
basketball_pass/basketball_pass_010.mp4,12
basketball_pass/basketball_pass_011.mp4,12
basketball_pass/basketball_pass_012.mp4,12
basketball_pass/basketball_pass_013.mp4,12
basketball_pass/basketball_pass_014.mp4,12
basketball_pass/basketball_pass_015.mp4,12
basketball_shoot/basketball_shoot_000.mp4,13
basketball_shoot/basketball_shoot_001.mp4,13
basketball_shoot/basketball_shoot_002.mp4,13
basketball_shoot/basketball_shoot_003.mp4,13
basketball_shoot/basketball_shoot_004.mp4,13
basketball_shoot/basketball_shoot_005.mp4,13
basketball_shoot/basketball_shoot_006.mp4,13
basketball_shoot/basketball_shoot_007.mp4,13
basketball_shoot/basketball_shoot_008.mp4,13
basketball_shoot/basketball_shoot_009.mp4,13
basketball_shoot/basketball_shoot_010.mp4,13
basketball_shoot/basketball_shoot_011.mp4,13
basketball_shoot/basketball_shoot_012.mp4,13
basketball_shoot/basketball_shoot_013.mp4,13
basketball_shoot/basketball_shoot_014.mp4,13
basketball_shoot/basketball_shoot_015.mp4,13
figure_skate_I_spin/figure_skate_I_spin_000.mp4,14
figure_skate_I_spin/figure_skate_I_spin_001.mp4,14
figure_skate_I_spin/figure_skate_I_spin_002.mp4,14
figure_skate_I_spin/figure_skate_I_spin_003.mp4,14
figure_skate_I_spin/figure_skate_I_spin_004.mp4,14
figure_skate_I_spin/figure_skate_I_spin_005.mp4,14
figure_skate_I_spin/figure_skate_I_spin_006.mp4,14
figure_skate_I_spin/figure_skate_I_spin_007.mp4,14
figure_skate_I_spin/figure_skate_I_spin_008.mp4,14
figure_skate_I_spin/figure_skate_I_spin_009.mp4,14
figure_skate_I_spin/figure_skate_I_spin_010.mp4,14
figure_skate_I_spin/figure_skate_I_spin_011.mp4,14
figure_skate_I_spin/figure_skate_I_spin_012.mp4,14
figure_skate_I_spin/figure_skate_I_spin_013.mp4,14
figure_skate_I_spin/figure_skate_I_spin_014.mp4,14
figure_skate_I_spin/figure_skate_I_spin_015.mp4,14
figure_skate_backward/figure_skate_backward_000.mp4,15
figure_skate_backward/figure_skate_backward_001.mp4,15
figure_skate_backward/figure_skate_backward_002.mp4,15
figure_skate_backward/figure_skate_backward_003.mp4,15
figure_skate_backward/figure_skate_backward_004.mp4,15
figure_skate_backward/figure_skate_backward_005.mp4,15
figure_skate_backward/figure_skate_backward_006.mp4,15
figure_skate_backward/figure_skate_backward_007.mp4,15
figure_skate_backward/figure_skate_backward_008.mp4,15
figure_skate_backward/figure_skate_backward_009.mp4,15
figure_skate_backward/figure_skate_backward_010.mp4,15
figure_skate_backward/figure_skate_backward_011.mp4,15
figure_skate_backward/figure_skate_backward_012.mp4,15
figure_skate_backward/figure_skate_backward_013.mp4,15
figure_skate_backward/figure_skate_backward_014.mp4,15
figure_skate_backward/figure_skate_backward_015.mp4,15
figure_skate_bielman_spin/figure_skate_bielman_spin_000.mp4,16
figure_skate_bielman_spin/figure_skate_bielman_spin_001.mp4,16
figure_skate_bielman_spin/figure_skate_bielman_spin_002.mp4,16
figure_skate_bielman_spin/figure_skate_bielman_spin_003.mp4,16
figure_skate_bielman_spin/figure_skate_bielman_spin_004.mp4,16
figure_skate_bielman_spin/figure_skate_bielman_spin_005.mp4,16
figure_skate_bielman_spin/figure_skate_bielman_spin_006.mp4,16
figure_skate_bielman_spin/figure_skate_bielman_spin_007.mp4,16
figure_skate_bielman_spin/figure_skate_bielman_spin_008.mp4,16
figure_skate_bielman_spin/figure_skate_bielman_spin_009.mp4,16
figure_skate_bielman_spin/figure_skate_bielman_spin_010.mp4,16
figure_skate_bielman_spin/figure_skate_bielman_spin_011.mp4,16
figure_skate_bielman_spin/figure_skate_bielman_spin_012.mp4,16
figure_skate_bielman_spin/figure_skate_bielman_spin_013.mp4,16
figure_skate_bielman_spin/figure_skate_bielman_spin_014.mp4,16
figure_skate_bielman_spin/figure_skate_bielman_spin_015.mp4,16
figure_skate_camel_spin/figure_skate_camel_spin_000.mp4,17
figure_skate_camel_spin/figure_skate_camel_spin_001.mp4,17
figure_skate_camel_spin/figure_skate_camel_spin_002.mp4,17
figure_skate_camel_spin/figure_skate_camel_spin_003.mp4,17
figure_skate_camel_spin/figure_skate_camel_spin_004.mp4,17
figure_skate_camel_spin/figure_skate_camel_spin_005.mp4,17
figure_skate_camel_spin/figure_skate_camel_spin_006.mp4,17
figure_skate_camel_spin/figure_skate_camel_spin_007.mp4,17
figure_skate_camel_spin/figure_skate_camel_spin_008.mp4,17
figure_skate_camel_spin/figure_skate_camel_spin_009.mp4,17
figure_skate_camel_spin/figure_skate_camel_spin_010.mp4,17
figure_skate_camel_spin/figure_skate_camel_spin_011.mp4,17
figure_skate_camel_spin/figure_skate_camel_spin_012.mp4,17
figure_skate_camel_spin/figure_skate_camel_spin_013.mp4,17
figure_skate_camel_spin/figure_skate_camel_spin_014.mp4,17
figure_skate_camel_spin/figure_skate_camel_spin_015.mp4,17
figure_skate_donut_spin/figure_skate_donut_spin_000.mp4,18
figure_skate_donut_spin/figure_skate_donut_spin_001.mp4,18
figure_skate_donut_spin/figure_skate_donut_spin_002.mp4,18
figure_skate_donut_spin/figure_skate_donut_spin_003.mp4,18
figure_skate_donut_spin/figure_skate_donut_spin_004.mp4,18
figure_skate_donut_spin/figure_skate_donut_spin_005.mp4,18
figure_skate_donut_spin/figure_skate_donut_spin_006.mp4,18
figure_skate_donut_spin/figure_skate_donut_spin_007.mp4,18
figure_skate_donut_spin/figure_skate_donut_spin_008.mp4,18
figure_skate_donut_spin/figure_skate_donut_spin_009.mp4,18
figure_skate_donut_spin/figure_skate_donut_spin_010.mp4,18
figure_skate_donut_spin/figure_skate_donut_spin_011.mp4,18
figure_skate_donut_spin/figure_skate_donut_spin_012.mp4,18
figure_skate_donut_spin/figure_skate_donut_spin_013.mp4,18
figure_skate_donut_spin/figure_skate_donut_spin_014.mp4,18
figure_skate_donut_spin/figure_skate_donut_spin_015.mp4,18
figure_skate_forward/figure_skate_forward_000.mp4,19
figure_skate_forward/figure_skate_forward_001.mp4,19
figure_skate_forward/figure_skate_forward_002.mp4,19
figure_skate_forward/figure_skate_forward_003.mp4,19
figure_skate_forward/figure_skate_forward_004.mp4,19
figure_skate_forward/figure_skate_forward_005.mp4,19
figure_skate_forward/figure_skate_forward_006.mp4,19
figure_skate_forward/figure_skate_forward_007.mp4,19
figure_skate_forward/figure_skate_forward_008.mp4,19
figure_skate_forward/figure_skate_forward_009.mp4,19
figure_skate_forward/figure_skate_forward_010.mp4,19
figure_skate_forward/figure_skate_forward_011.mp4,19
figure_skate_forward/figure_skate_forward_012.mp4,19
figure_skate_forward/figure_skate_forward_013.mp4,19
figure_skate_forward/figure_skate_forward_014.mp4,19
figure_skate_forward/figure_skate_forward_015.mp4,19
figure_skate_hydroblading/figure_skate_hydroblading_000.mp4,20
figure_skate_hydroblading/figure_skate_hydroblading_001.mp4,20
figure_skate_hydroblading/figure_skate_hydroblading_002.mp4,20
figure_skate_hydroblading/figure_skate_hydroblading_003.mp4,20
figure_skate_hydroblading/figure_skate_hydroblading_004.mp4,20
figure_skate_hydroblading/figure_skate_hydroblading_005.mp4,20
figure_skate_hydroblading/figure_skate_hydroblading_006.mp4,20
figure_skate_hydroblading/figure_skate_hydroblading_007.mp4,20
figure_skate_hydroblading/figure_skate_hydroblading_008.mp4,20
figure_skate_hydroblading/figure_skate_hydroblading_009.mp4,20
figure_skate_hydroblading/figure_skate_hydroblading_010.mp4,20
figure_skate_hydroblading/figure_skate_hydroblading_011.mp4,20
figure_skate_hydroblading/figure_skate_hydroblading_012.mp4,20
figure_skate_hydroblading/figure_skate_hydroblading_013.mp4,20
figure_skate_hydroblading/figure_skate_hydroblading_014.mp4,20
figure_skate_hydroblading/figure_skate_hydroblading_015.mp4,20
figure_skate_inaBauer/figure_skate_inaBauer_000.mp4,21
figure_skate_inaBauer/figure_skate_inaBauer_001.mp4,21
figure_skate_inaBauer/figure_skate_inaBauer_002.mp4,21
figure_skate_inaBauer/figure_skate_inaBauer_003.mp4,21
figure_skate_inaBauer/figure_skate_inaBauer_004.mp4,21
figure_skate_inaBauer/figure_skate_inaBauer_005.mp4,21
figure_skate_inaBauer/figure_skate_inaBauer_006.mp4,21
figure_skate_inaBauer/figure_skate_inaBauer_007.mp4,21
figure_skate_inaBauer/figure_skate_inaBauer_008.mp4,21
figure_skate_inaBauer/figure_skate_inaBauer_009.mp4,21
figure_skate_inaBauer/figure_skate_inaBauer_010.mp4,21
figure_skate_inaBauer/figure_skate_inaBauer_011.mp4,21
figure_skate_inaBauer/figure_skate_inaBauer_012.mp4,21
figure_skate_inaBauer/figure_skate_inaBauer_013.mp4,21
figure_skate_inaBauer/figure_skate_inaBauer_014.mp4,21
figure_skate_inaBauer/figure_skate_inaBauer_015.mp4,21
figure_skate_jump_spin/figure_skate_jump_spin_000.mp4,22
figure_skate_jump_spin/figure_skate_jump_spin_001.mp4,22
figure_skate_jump_spin/figure_skate_jump_spin_002.mp4,22
figure_skate_jump_spin/figure_skate_jump_spin_003.mp4,22
figure_skate_jump_spin/figure_skate_jump_spin_004.mp4,22
figure_skate_jump_spin/figure_skate_jump_spin_005.mp4,22
figure_skate_jump_spin/figure_skate_jump_spin_006.mp4,22
figure_skate_jump_spin/figure_skate_jump_spin_007.mp4,22
figure_skate_jump_spin/figure_skate_jump_spin_008.mp4,22
figure_skate_jump_spin/figure_skate_jump_spin_009.mp4,22
figure_skate_jump_spin/figure_skate_jump_spin_010.mp4,22
figure_skate_jump_spin/figure_skate_jump_spin_011.mp4,22
figure_skate_jump_spin/figure_skate_jump_spin_012.mp4,22
figure_skate_jump_spin/figure_skate_jump_spin_013.mp4,22
figure_skate_jump_spin/figure_skate_jump_spin_014.mp4,22
figure_skate_jump_spin/figure_skate_jump_spin_015.mp4,22
figure_skate_scratch_spin/figure_skate_scratch_spin_000.mp4,23
figure_skate_scratch_spin/figure_skate_scratch_spin_001.mp4,23
figure_skate_scratch_spin/figure_skate_scratch_spin_002.mp4,23
figure_skate_scratch_spin/figure_skate_scratch_spin_003.mp4,23
figure_skate_scratch_spin/figure_skate_scratch_spin_004.mp4,23
figure_skate_scratch_spin/figure_skate_scratch_spin_005.mp4,23
figure_skate_scratch_spin/figure_skate_scratch_spin_006.mp4,23
figure_skate_scratch_spin/figure_skate_scratch_spin_007.mp4,23
figure_skate_scratch_spin/figure_skate_scratch_spin_008.mp4,23
figure_skate_scratch_spin/figure_skate_scratch_spin_009.mp4,23
figure_skate_scratch_spin/figure_skate_scratch_spin_010.mp4,23
figure_skate_scratch_spin/figure_skate_scratch_spin_011.mp4,23
figure_skate_scratch_spin/figure_skate_scratch_spin_012.mp4,23
figure_skate_scratch_spin/figure_skate_scratch_spin_013.mp4,23
figure_skate_scratch_spin/figure_skate_scratch_spin_014.mp4,23
figure_skate_scratch_spin/figure_skate_scratch_spin_015.mp4,23
figure_skate_sit_spin/figure_skate_sit_spin_000.mp4,24
figure_skate_sit_spin/figure_skate_sit_spin_001.mp4,24
figure_skate_sit_spin/figure_skate_sit_spin_002.mp4,24
figure_skate_sit_spin/figure_skate_sit_spin_003.mp4,24
figure_skate_sit_spin/figure_skate_sit_spin_004.mp4,24
figure_skate_sit_spin/figure_skate_sit_spin_005.mp4,24
figure_skate_sit_spin/figure_skate_sit_spin_006.mp4,24
figure_skate_sit_spin/figure_skate_sit_spin_007.mp4,24
figure_skate_sit_spin/figure_skate_sit_spin_008.mp4,24
figure_skate_sit_spin/figure_skate_sit_spin_009.mp4,24
figure_skate_sit_spin/figure_skate_sit_spin_010.mp4,24
figure_skate_sit_spin/figure_skate_sit_spin_011.mp4,24
figure_skate_sit_spin/figure_skate_sit_spin_012.mp4,24
figure_skate_sit_spin/figure_skate_sit_spin_013.mp4,24
figure_skate_sit_spin/figure_skate_sit_spin_014.mp4,24
figure_skate_sit_spin/figure_skate_sit_spin_015.mp4,24
football_catch/football_catch_000.mp4,25
football_catch/football_catch_001.mp4,25
football_catch/football_catch_002.mp4,25
football_catch/football_catch_003.mp4,25
football_catch/football_catch_004.mp4,25
football_catch/football_catch_005.mp4,25
football_catch/football_catch_006.mp4,25
football_catch/football_catch_007.mp4,25
football_catch/football_catch_008.mp4,25
football_catch/football_catch_009.mp4,25
football_catch/football_catch_010.mp4,25
football_catch/football_catch_011.mp4,25
football_catch/football_catch_012.mp4,25
football_catch/football_catch_013.mp4,25
football_catch/football_catch_014.mp4,25
football_catch/football_catch_015.mp4,25
football_run/football_run_000.mp4,26
football_run/football_run_001.mp4,26
football_run/football_run_002.mp4,26
football_run/football_run_003.mp4,26
football_run/football_run_004.mp4,26
football_run/football_run_005.mp4,26
football_run/football_run_006.mp4,26
football_run/football_run_007.mp4,26
football_run/football_run_008.mp4,26
football_run/football_run_009.mp4,26
football_run/football_run_010.mp4,26
football_run/football_run_011.mp4,26
football_run/football_run_012.mp4,26
football_run/football_run_013.mp4,26
football_run/football_run_014.mp4,26
football_run/football_run_015.mp4,26
football_throw/football_throw_000.mp4,27
football_throw/football_throw_001.mp4,27
football_throw/football_throw_002.mp4,27
football_throw/football_throw_003.mp4,27
football_throw/football_throw_004.mp4,27
football_throw/football_throw_005.mp4,27
football_throw/football_throw_006.mp4,27
football_throw/football_throw_007.mp4,27
football_throw/football_throw_008.mp4,27
football_throw/football_throw_009.mp4,27
football_throw/football_throw_010.mp4,27
football_throw/football_throw_011.mp4,27
football_throw/football_throw_012.mp4,27
football_throw/football_throw_013.mp4,27
football_throw/football_throw_014.mp4,27
football_throw/football_throw_015.mp4,27
gym_lift/gym_lift_000.mp4,28
gym_lift/gym_lift_001.mp4,28
gym_lift/gym_lift_002.mp4,28
gym_lift/gym_lift_003.mp4,28
gym_lift/gym_lift_004.mp4,28
gym_lift/gym_lift_005.mp4,28
gym_lift/gym_lift_006.mp4,28
gym_lift/gym_lift_007.mp4,28
gym_lift/gym_lift_008.mp4,28
gym_lift/gym_lift_009.mp4,28
gym_lift/gym_lift_010.mp4,28
gym_lift/gym_lift_011.mp4,28
gym_lift/gym_lift_012.mp4,28
gym_lift/gym_lift_013.mp4,28
gym_lift/gym_lift_014.mp4,28
gym_lift/gym_lift_015.mp4,28
gym_lunges/gym_lunges_000.mp4,29
gym_lunges/gym_lunges_001.mp4,29
gym_lunges/gym_lunges_002.mp4,29
gym_lunges/gym_lunges_003.mp4,29
gym_lunges/gym_lunges_004.mp4,29
gym_lunges/gym_lunges_005.mp4,29
gym_lunges/gym_lunges_006.mp4,29
gym_lunges/gym_lunges_007.mp4,29
gym_lunges/gym_lunges_008.mp4,29
gym_lunges/gym_lunges_009.mp4,29
gym_lunges/gym_lunges_010.mp4,29
gym_lunges/gym_lunges_011.mp4,29
gym_lunges/gym_lunges_012.mp4,29
gym_lunges/gym_lunges_013.mp4,29
gym_lunges/gym_lunges_014.mp4,29
gym_lunges/gym_lunges_015.mp4,29
gym_plank/gym_plank_000.mp4,30
gym_plank/gym_plank_001.mp4,30
gym_plank/gym_plank_002.mp4,30
gym_plank/gym_plank_003.mp4,30
gym_plank/gym_plank_004.mp4,30
gym_plank/gym_plank_005.mp4,30
gym_plank/gym_plank_006.mp4,30
gym_plank/gym_plank_007.mp4,30
gym_plank/gym_plank_008.mp4,30
gym_plank/gym_plank_009.mp4,30
gym_plank/gym_plank_010.mp4,30
gym_plank/gym_plank_011.mp4,30
gym_plank/gym_plank_012.mp4,30
gym_plank/gym_plank_013.mp4,30
gym_plank/gym_plank_014.mp4,30
gym_plank/gym_plank_015.mp4,30
gym_pull/gym_pull_000.mp4,31
gym_pull/gym_pull_001.mp4,31
gym_pull/gym_pull_002.mp4,31
gym_pull/gym_pull_003.mp4,31
gym_pull/gym_pull_004.mp4,31
gym_pull/gym_pull_005.mp4,31
gym_pull/gym_pull_006.mp4,31
gym_pull/gym_pull_007.mp4,31
gym_pull/gym_pull_008.mp4,31
gym_pull/gym_pull_009.mp4,31
gym_pull/gym_pull_010.mp4,31
gym_pull/gym_pull_011.mp4,31
gym_pull/gym_pull_012.mp4,31
gym_pull/gym_pull_013.mp4,31
gym_pull/gym_pull_014.mp4,31
gym_pull/gym_pull_015.mp4,31
gym_push/gym_push_000.mp4,32
gym_push/gym_push_001.mp4,32
gym_push/gym_push_002.mp4,32
gym_push/gym_push_003.mp4,32
gym_push/gym_push_004.mp4,32
gym_push/gym_push_005.mp4,32
gym_push/gym_push_006.mp4,32
gym_push/gym_push_007.mp4,32
gym_push/gym_push_008.mp4,32
gym_push/gym_push_009.mp4,32
gym_push/gym_push_010.mp4,32
gym_push/gym_push_011.mp4,32
gym_push/gym_push_012.mp4,32
gym_push/gym_push_013.mp4,32
gym_push/gym_push_014.mp4,32
gym_push/gym_push_015.mp4,32
gym_ride/gym_ride_000.mp4,33
gym_ride/gym_ride_001.mp4,33
gym_ride/gym_ride_002.mp4,33
gym_ride/gym_ride_003.mp4,33
gym_ride/gym_ride_004.mp4,33
gym_ride/gym_ride_005.mp4,33
gym_ride/gym_ride_006.mp4,33
gym_ride/gym_ride_007.mp4,33
gym_ride/gym_ride_008.mp4,33
gym_ride/gym_ride_009.mp4,33
gym_ride/gym_ride_010.mp4,33
gym_ride/gym_ride_011.mp4,33
gym_ride/gym_ride_012.mp4,33
gym_ride/gym_ride_013.mp4,33
gym_ride/gym_ride_014.mp4,33
gym_ride/gym_ride_015.mp4,33
gym_run/gym_run_000.mp4,34
gym_run/gym_run_001.mp4,34
gym_run/gym_run_002.mp4,34
gym_run/gym_run_003.mp4,34
gym_run/gym_run_004.mp4,34
gym_run/gym_run_005.mp4,34
gym_run/gym_run_006.mp4,34
gym_run/gym_run_007.mp4,34
gym_run/gym_run_008.mp4,34
gym_run/gym_run_009.mp4,34
gym_run/gym_run_010.mp4,34
gym_run/gym_run_011.mp4,34
gym_run/gym_run_012.mp4,34
gym_run/gym_run_013.mp4,34
gym_run/gym_run_014.mp4,34
gym_run/gym_run_015.mp4,34
gym_squat/gym_squat_000.mp4,35
gym_squat/gym_squat_001.mp4,35
gym_squat/gym_squat_002.mp4,35
gym_squat/gym_squat_003.mp4,35
gym_squat/gym_squat_004.mp4,35
gym_squat/gym_squat_005.mp4,35
gym_squat/gym_squat_006.mp4,35
gym_squat/gym_squat_007.mp4,35
gym_squat/gym_squat_008.mp4,35
gym_squat/gym_squat_009.mp4,35
gym_squat/gym_squat_010.mp4,35
gym_squat/gym_squat_011.mp4,35
gym_squat/gym_squat_012.mp4,35
gym_squat/gym_squat_013.mp4,35
gym_squat/gym_squat_014.mp4,35
gym_squat/gym_squat_015.mp4,35
soccer_dribble/soccer_dribble_000.mp4,36
soccer_dribble/soccer_dribble_001.mp4,36
soccer_dribble/soccer_dribble_002.mp4,36
soccer_dribble/soccer_dribble_003.mp4,36
soccer_dribble/soccer_dribble_004.mp4,36
soccer_dribble/soccer_dribble_005.mp4,36
soccer_dribble/soccer_dribble_006.mp4,36
soccer_dribble/soccer_dribble_007.mp4,36
soccer_dribble/soccer_dribble_008.mp4,36
soccer_dribble/soccer_dribble_009.mp4,36
soccer_dribble/soccer_dribble_010.mp4,36
soccer_dribble/soccer_dribble_011.mp4,36
soccer_dribble/soccer_dribble_012.mp4,36
soccer_dribble/soccer_dribble_013.mp4,36
soccer_dribble/soccer_dribble_014.mp4,36
soccer_dribble/soccer_dribble_015.mp4,36
soccer_header/soccer_header_000.mp4,37
soccer_header/soccer_header_001.mp4,37
soccer_header/soccer_header_002.mp4,37
soccer_header/soccer_header_003.mp4,37
soccer_header/soccer_header_004.mp4,37
soccer_header/soccer_header_005.mp4,37
soccer_header/soccer_header_006.mp4,37
soccer_header/soccer_header_007.mp4,37
soccer_header/soccer_header_008.mp4,37
soccer_header/soccer_header_009.mp4,37
soccer_header/soccer_header_010.mp4,37
soccer_header/soccer_header_011.mp4,37
soccer_header/soccer_header_012.mp4,37
soccer_header/soccer_header_013.mp4,37
soccer_header/soccer_header_014.mp4,37
soccer_header/soccer_header_015.mp4,37
soccer_save/soccer_save_000.mp4,38
soccer_save/soccer_save_001.mp4,38
soccer_save/soccer_save_002.mp4,38
soccer_save/soccer_save_003.mp4,38
soccer_save/soccer_save_004.mp4,38
soccer_save/soccer_save_005.mp4,38
soccer_save/soccer_save_006.mp4,38
soccer_save/soccer_save_007.mp4,38
soccer_save/soccer_save_008.mp4,38
soccer_save/soccer_save_009.mp4,38
soccer_save/soccer_save_010.mp4,38
soccer_save/soccer_save_011.mp4,38
soccer_save/soccer_save_012.mp4,38
soccer_save/soccer_save_013.mp4,38
soccer_save/soccer_save_014.mp4,38
soccer_save/soccer_save_015.mp4,38
soccer_shoot/soccer_shoot_000.mp4,39
soccer_shoot/soccer_shoot_001.mp4,39
soccer_shoot/soccer_shoot_002.mp4,39
soccer_shoot/soccer_shoot_003.mp4,39
soccer_shoot/soccer_shoot_004.mp4,39
soccer_shoot/soccer_shoot_005.mp4,39
soccer_shoot/soccer_shoot_006.mp4,39
soccer_shoot/soccer_shoot_007.mp4,39
soccer_shoot/soccer_shoot_008.mp4,39
soccer_shoot/soccer_shoot_009.mp4,39
soccer_shoot/soccer_shoot_010.mp4,39
soccer_shoot/soccer_shoot_011.mp4,39
soccer_shoot/soccer_shoot_012.mp4,39
soccer_shoot/soccer_shoot_013.mp4,39
soccer_shoot/soccer_shoot_014.mp4,39
soccer_shoot/soccer_shoot_015.mp4,39
soccer_throw/soccer_throw_000.mp4,40
soccer_throw/soccer_throw_001.mp4,40
soccer_throw/soccer_throw_002.mp4,40
soccer_throw/soccer_throw_003.mp4,40
soccer_throw/soccer_throw_004.mp4,40
soccer_throw/soccer_throw_005.mp4,40
soccer_throw/soccer_throw_006.mp4,40
soccer_throw/soccer_throw_007.mp4,40
soccer_throw/soccer_throw_008.mp4,40
soccer_throw/soccer_throw_009.mp4,40
soccer_throw/soccer_throw_010.mp4,40
soccer_throw/soccer_throw_011.mp4,40
soccer_throw/soccer_throw_012.mp4,40
soccer_throw/soccer_throw_013.mp4,40
soccer_throw/soccer_throw_014.mp4,40
soccer_throw/soccer_throw_015.mp4,40
taekwondo_high_block/taekwondo_high_block_000.mp4,41
taekwondo_high_block/taekwondo_high_block_001.mp4,41
taekwondo_high_block/taekwondo_high_block_002.mp4,41
taekwondo_high_block/taekwondo_high_block_003.mp4,41
taekwondo_high_block/taekwondo_high_block_004.mp4,41
taekwondo_high_block/taekwondo_high_block_005.mp4,41
taekwondo_high_block/taekwondo_high_block_006.mp4,41
taekwondo_high_block/taekwondo_high_block_007.mp4,41
taekwondo_high_block/taekwondo_high_block_008.mp4,41
taekwondo_high_block/taekwondo_high_block_009.mp4,41
taekwondo_high_block/taekwondo_high_block_010.mp4,41
taekwondo_high_block/taekwondo_high_block_011.mp4,41
taekwondo_high_block/taekwondo_high_block_012.mp4,41
taekwondo_high_block/taekwondo_high_block_013.mp4,41
taekwondo_high_block/taekwondo_high_block_014.mp4,41
taekwondo_high_block/taekwondo_high_block_015.mp4,41
taekwondo_kick/taekwondo_kick_000.mp4,42
taekwondo_kick/taekwondo_kick_001.mp4,42
taekwondo_kick/taekwondo_kick_002.mp4,42
taekwondo_kick/taekwondo_kick_003.mp4,42
taekwondo_kick/taekwondo_kick_004.mp4,42
taekwondo_kick/taekwondo_kick_005.mp4,42
taekwondo_kick/taekwondo_kick_006.mp4,42
taekwondo_kick/taekwondo_kick_007.mp4,42
taekwondo_kick/taekwondo_kick_008.mp4,42
taekwondo_kick/taekwondo_kick_009.mp4,42
taekwondo_kick/taekwondo_kick_010.mp4,42
taekwondo_kick/taekwondo_kick_011.mp4,42
taekwondo_kick/taekwondo_kick_012.mp4,42
taekwondo_kick/taekwondo_kick_013.mp4,42
taekwondo_kick/taekwondo_kick_014.mp4,42
taekwondo_kick/taekwondo_kick_015.mp4,42
taekwondo_low_block/taekwondo_low_block_000.mp4,43
taekwondo_low_block/taekwondo_low_block_001.mp4,43
taekwondo_low_block/taekwondo_low_block_002.mp4,43
taekwondo_low_block/taekwondo_low_block_003.mp4,43
taekwondo_low_block/taekwondo_low_block_004.mp4,43
taekwondo_low_block/taekwondo_low_block_005.mp4,43
taekwondo_low_block/taekwondo_low_block_006.mp4,43
taekwondo_low_block/taekwondo_low_block_007.mp4,43
taekwondo_low_block/taekwondo_low_block_008.mp4,43
taekwondo_low_block/taekwondo_low_block_009.mp4,43
taekwondo_low_block/taekwondo_low_block_010.mp4,43
taekwondo_low_block/taekwondo_low_block_011.mp4,43
taekwondo_low_block/taekwondo_low_block_012.mp4,43
taekwondo_low_block/taekwondo_low_block_013.mp4,43
taekwondo_low_block/taekwondo_low_block_014.mp4,43
taekwondo_low_block/taekwondo_low_block_015.mp4,43
taekwondo_middle_block/taekwondo_middle_block_000.mp4,44
taekwondo_middle_block/taekwondo_middle_block_001.mp4,44
taekwondo_middle_block/taekwondo_middle_block_002.mp4,44
taekwondo_middle_block/taekwondo_middle_block_003.mp4,44
taekwondo_middle_block/taekwondo_middle_block_004.mp4,44
taekwondo_middle_block/taekwondo_middle_block_005.mp4,44
taekwondo_middle_block/taekwondo_middle_block_006.mp4,44
taekwondo_middle_block/taekwondo_middle_block_007.mp4,44
taekwondo_middle_block/taekwondo_middle_block_008.mp4,44
taekwondo_middle_block/taekwondo_middle_block_009.mp4,44
taekwondo_middle_block/taekwondo_middle_block_010.mp4,44
taekwondo_middle_block/taekwondo_middle_block_011.mp4,44
taekwondo_middle_block/taekwondo_middle_block_012.mp4,44
taekwondo_middle_block/taekwondo_middle_block_013.mp4,44
taekwondo_middle_block/taekwondo_middle_block_014.mp4,44
taekwondo_middle_block/taekwondo_middle_block_015.mp4,44
taekwondo_punch/taekwondo_punch_000.mp4,45
taekwondo_punch/taekwondo_punch_001.mp4,45
taekwondo_punch/taekwondo_punch_002.mp4,45
taekwondo_punch/taekwondo_punch_003.mp4,45
taekwondo_punch/taekwondo_punch_004.mp4,45
taekwondo_punch/taekwondo_punch_005.mp4,45
taekwondo_punch/taekwondo_punch_006.mp4,45
taekwondo_punch/taekwondo_punch_007.mp4,45
taekwondo_punch/taekwondo_punch_008.mp4,45
taekwondo_punch/taekwondo_punch_009.mp4,45
taekwondo_punch/taekwondo_punch_010.mp4,45
taekwondo_punch/taekwondo_punch_011.mp4,45
taekwondo_punch/taekwondo_punch_012.mp4,45
taekwondo_punch/taekwondo_punch_013.mp4,45
taekwondo_punch/taekwondo_punch_014.mp4,45
taekwondo_punch/taekwondo_punch_015.mp4,45
yoga_bridge/yoga_bridge_000.mp4,46
yoga_bridge/yoga_bridge_001.mp4,46
yoga_bridge/yoga_bridge_002.mp4,46
yoga_bridge/yoga_bridge_003.mp4,46
yoga_bridge/yoga_bridge_004.mp4,46
yoga_bridge/yoga_bridge_005.mp4,46
yoga_bridge/yoga_bridge_006.mp4,46
yoga_bridge/yoga_bridge_007.mp4,46
yoga_bridge/yoga_bridge_008.mp4,46
yoga_bridge/yoga_bridge_009.mp4,46
yoga_bridge/yoga_bridge_010.mp4,46
yoga_bridge/yoga_bridge_011.mp4,46
yoga_bridge/yoga_bridge_012.mp4,46
yoga_bridge/yoga_bridge_013.mp4,46
yoga_bridge/yoga_bridge_014.mp4,46
yoga_bridge/yoga_bridge_015.mp4,46
yoga_cat/yoga_cat_000.mp4,47
yoga_cat/yoga_cat_001.mp4,47
yoga_cat/yoga_cat_002.mp4,47
yoga_cat/yoga_cat_003.mp4,47
yoga_cat/yoga_cat_004.mp4,47
yoga_cat/yoga_cat_005.mp4,47
yoga_cat/yoga_cat_006.mp4,47
yoga_cat/yoga_cat_007.mp4,47
yoga_cat/yoga_cat_008.mp4,47
yoga_cat/yoga_cat_009.mp4,47
yoga_cat/yoga_cat_010.mp4,47
yoga_cat/yoga_cat_011.mp4,47
yoga_cat/yoga_cat_012.mp4,47
yoga_cat/yoga_cat_013.mp4,47
yoga_cat/yoga_cat_014.mp4,47
yoga_cat/yoga_cat_015.mp4,47
yoga_dancer/yoga_dancer_000.mp4,48
yoga_dancer/yoga_dancer_001.mp4,48
yoga_dancer/yoga_dancer_002.mp4,48
yoga_dancer/yoga_dancer_003.mp4,48
yoga_dancer/yoga_dancer_004.mp4,48
yoga_dancer/yoga_dancer_005.mp4,48
yoga_dancer/yoga_dancer_006.mp4,48
yoga_dancer/yoga_dancer_007.mp4,48
yoga_dancer/yoga_dancer_008.mp4,48
yoga_dancer/yoga_dancer_009.mp4,48
yoga_dancer/yoga_dancer_010.mp4,48
yoga_dancer/yoga_dancer_011.mp4,48
yoga_dancer/yoga_dancer_012.mp4,48
yoga_dancer/yoga_dancer_013.mp4,48
yoga_dancer/yoga_dancer_014.mp4,48
yoga_dancer/yoga_dancer_015.mp4,48
yoga_firefly/yoga_firefly_000.mp4,49
yoga_firefly/yoga_firefly_001.mp4,49
yoga_firefly/yoga_firefly_002.mp4,49
yoga_firefly/yoga_firefly_003.mp4,49
yoga_firefly/yoga_firefly_004.mp4,49
yoga_firefly/yoga_firefly_005.mp4,49
yoga_firefly/yoga_firefly_006.mp4,49
yoga_firefly/yoga_firefly_007.mp4,49
yoga_firefly/yoga_firefly_008.mp4,49
yoga_firefly/yoga_firefly_009.mp4,49
yoga_firefly/yoga_firefly_010.mp4,49
yoga_firefly/yoga_firefly_011.mp4,49
yoga_firefly/yoga_firefly_012.mp4,49
yoga_firefly/yoga_firefly_013.mp4,49
yoga_firefly/yoga_firefly_014.mp4,49
yoga_firefly/yoga_firefly_015.mp4,49
yoga_fish/yoga_fish_000.mp4,50
yoga_fish/yoga_fish_001.mp4,50
yoga_fish/yoga_fish_002.mp4,50
yoga_fish/yoga_fish_003.mp4,50
yoga_fish/yoga_fish_004.mp4,50
yoga_fish/yoga_fish_005.mp4,50
yoga_fish/yoga_fish_006.mp4,50
yoga_fish/yoga_fish_007.mp4,50
yoga_fish/yoga_fish_008.mp4,50
yoga_fish/yoga_fish_009.mp4,50
yoga_fish/yoga_fish_010.mp4,50
yoga_fish/yoga_fish_011.mp4,50
yoga_fish/yoga_fish_012.mp4,50
yoga_fish/yoga_fish_013.mp4,50
yoga_fish/yoga_fish_014.mp4,50
yoga_fish/yoga_fish_015.mp4,50
yoga_gate/yoga_gate_000.mp4,51
yoga_gate/yoga_gate_001.mp4,51
yoga_gate/yoga_gate_002.mp4,51
yoga_gate/yoga_gate_003.mp4,51
yoga_gate/yoga_gate_004.mp4,51
yoga_gate/yoga_gate_005.mp4,51
yoga_gate/yoga_gate_006.mp4,51
yoga_gate/yoga_gate_007.mp4,51
yoga_gate/yoga_gate_008.mp4,51
yoga_gate/yoga_gate_009.mp4,51
yoga_gate/yoga_gate_010.mp4,51
yoga_gate/yoga_gate_011.mp4,51
yoga_gate/yoga_gate_012.mp4,51
yoga_gate/yoga_gate_013.mp4,51
yoga_gate/yoga_gate_014.mp4,51
yoga_gate/yoga_gate_015.mp4,51
yoga_locust/yoga_locust_000.mp4,52
yoga_locust/yoga_locust_001.mp4,52
yoga_locust/yoga_locust_002.mp4,52
yoga_locust/yoga_locust_003.mp4,52
yoga_locust/yoga_locust_004.mp4,52
yoga_locust/yoga_locust_005.mp4,52
yoga_locust/yoga_locust_006.mp4,52
yoga_locust/yoga_locust_007.mp4,52
yoga_locust/yoga_locust_008.mp4,52
yoga_locust/yoga_locust_009.mp4,52
yoga_locust/yoga_locust_010.mp4,52
yoga_locust/yoga_locust_011.mp4,52
yoga_locust/yoga_locust_012.mp4,52
yoga_locust/yoga_locust_013.mp4,52
yoga_locust/yoga_locust_014.mp4,52
yoga_locust/yoga_locust_015.mp4,52
yoga_lotus/yoga_lotus_000.mp4,53
yoga_lotus/yoga_lotus_001.mp4,53
yoga_lotus/yoga_lotus_002.mp4,53
yoga_lotus/yoga_lotus_003.mp4,53
yoga_lotus/yoga_lotus_004.mp4,53
yoga_lotus/yoga_lotus_005.mp4,53
yoga_lotus/yoga_lotus_006.mp4,53
yoga_lotus/yoga_lotus_007.mp4,53
yoga_lotus/yoga_lotus_008.mp4,53
yoga_lotus/yoga_lotus_009.mp4,53
yoga_lotus/yoga_lotus_010.mp4,53
yoga_lotus/yoga_lotus_011.mp4,53
yoga_lotus/yoga_lotus_012.mp4,53
yoga_lotus/yoga_lotus_013.mp4,53
yoga_lotus/yoga_lotus_014.mp4,53
yoga_lotus/yoga_lotus_015.mp4,53
yoga_pigeon/yoga_pigeon_000.mp4,54
yoga_pigeon/yoga_pigeon_001.mp4,54
yoga_pigeon/yoga_pigeon_002.mp4,54
yoga_pigeon/yoga_pigeon_003.mp4,54
yoga_pigeon/yoga_pigeon_004.mp4,54
yoga_pigeon/yoga_pigeon_005.mp4,54
yoga_pigeon/yoga_pigeon_006.mp4,54
yoga_pigeon/yoga_pigeon_007.mp4,54
yoga_pigeon/yoga_pigeon_008.mp4,54
yoga_pigeon/yoga_pigeon_009.mp4,54
yoga_pigeon/yoga_pigeon_010.mp4,54
yoga_pigeon/yoga_pigeon_011.mp4,54
yoga_pigeon/yoga_pigeon_012.mp4,54
yoga_pigeon/yoga_pigeon_013.mp4,54
yoga_pigeon/yoga_pigeon_014.mp4,54
yoga_pigeon/yoga_pigeon_015.mp4,54
yoga_tree/yoga_tree_000.mp4,55
yoga_tree/yoga_tree_001.mp4,55
yoga_tree/yoga_tree_002.mp4,55
yoga_tree/yoga_tree_003.mp4,55
yoga_tree/yoga_tree_004.mp4,55
yoga_tree/yoga_tree_005.mp4,55
yoga_tree/yoga_tree_006.mp4,55
yoga_tree/yoga_tree_007.mp4,55
yoga_tree/yoga_tree_008.mp4,55
yoga_tree/yoga_tree_009.mp4,55
yoga_tree/yoga_tree_010.mp4,55
yoga_tree/yoga_tree_011.mp4,55
yoga_tree/yoga_tree_012.mp4,55
yoga_tree/yoga_tree_013.mp4,55
yoga_tree/yoga_tree_014.mp4,55
yoga_tree/yoga_tree_015.mp4,55
yoga_triangle/yoga_triangle_000.mp4,56
yoga_triangle/yoga_triangle_001.mp4,56
yoga_triangle/yoga_triangle_002.mp4,56
yoga_triangle/yoga_triangle_003.mp4,56
yoga_triangle/yoga_triangle_004.mp4,56
yoga_triangle/yoga_triangle_005.mp4,56
yoga_triangle/yoga_triangle_006.mp4,56
yoga_triangle/yoga_triangle_007.mp4,56
yoga_triangle/yoga_triangle_008.mp4,56
yoga_triangle/yoga_triangle_009.mp4,56
yoga_triangle/yoga_triangle_010.mp4,56
yoga_triangle/yoga_triangle_011.mp4,56
yoga_triangle/yoga_triangle_012.mp4,56
yoga_triangle/yoga_triangle_013.mp4,56
yoga_triangle/yoga_triangle_014.mp4,56
yoga_triangle/yoga_triangle_015.mp4,56
yoga_updog/yoga_updog_000.mp4,57
yoga_updog/yoga_updog_001.mp4,57
yoga_updog/yoga_updog_002.mp4,57
yoga_updog/yoga_updog_003.mp4,57
yoga_updog/yoga_updog_004.mp4,57
yoga_updog/yoga_updog_005.mp4,57
yoga_updog/yoga_updog_006.mp4,57
yoga_updog/yoga_updog_007.mp4,57
yoga_updog/yoga_updog_008.mp4,57
yoga_updog/yoga_updog_009.mp4,57
yoga_updog/yoga_updog_010.mp4,57
yoga_updog/yoga_updog_011.mp4,57
yoga_updog/yoga_updog_012.mp4,57
yoga_updog/yoga_updog_013.mp4,57
yoga_updog/yoga_updog_014.mp4,57
yoga_updog/yoga_updog_015.mp4,57