TennisSwing/v_TennisSwing_g08_c01.avi,77
TennisSwing/v_TennisSwing_g08_c02.avi,77
TennisSwing/v_TennisSwing_g08_c03.avi,77
TennisSwing/v_TennisSwing_g08_c04.avi,77
TennisSwing/v_TennisSwing_g08_c05.avi,77
TennisSwing/v_TennisSwing_g08_c06.avi,77
TennisSwing/v_TennisSwing_g09_c01.avi,77
TennisSwing/v_TennisSwing_g09_c02.avi,77
TennisSwing/v_TennisSwing_g09_c03.avi,77
TennisSwing/v_TennisSwing_g09_c04.avi,77
TennisSwing/v_TennisSwing_g09_c05.avi,77
TennisSwing/v_TennisSwing_g09_c06.avi,77
TennisSwing/v_TennisSwing_g09_c07.avi,77
TennisSwing/v_TennisSwing_g10_c01.avi,77
TennisSwing/v_TennisSwing_g10_c02.avi,77
TennisSwing/v_TennisSwing_g10_c03.avi,77
TennisSwing/v_TennisSwing_g10_c04.avi,77
TennisSwing/v_TennisSwing_g10_c05.avi,77
TennisSwing/v_TennisSwing_g10_c06.avi,77
TennisSwing/v_TennisSwing_g10_c07.avi,77
TennisSwing/v_TennisSwing_g11_c01.avi,77
TennisSwing/v_TennisSwing_g11_c02.avi,77
TennisSwing/v_TennisSwing_g11_c03.avi,77
TennisSwing/v_TennisSwing_g11_c04.avi,77
TennisSwing/v_TennisSwing_g11_c05.avi,77
TennisSwing/v_TennisSwing_g11_c06.avi,77
TennisSwing/v_TennisSwing_g11_c07.avi,77
TennisSwing/v_TennisSwing_g12_c01.avi,77
TennisSwing/v_TennisSwing_g12_c02.avi,77
TennisSwing/v_TennisSwing_g12_c03.avi,77
TennisSwing/v_TennisSwing_g12_c04.avi,77
TennisSwing/v_TennisSwing_g12_c05.avi,77
TennisSwing/v_TennisSwing_g12_c06.avi,77
TennisSwing/v_TennisSwing_g12_c07.avi,77
TennisSwing/v_TennisSwing_g13_c01.avi,77
TennisSwing/v_TennisSwing_g13_c02.avi,77
TennisSwing/v_TennisSwing_g13_c03.avi,77
TennisSwing/v_TennisSwing_g13_c04.avi,77
TennisSwing/v_TennisSwing_g13_c05.avi,77
TennisSwing/v_TennisSwing_g13_c06.avi,77
TennisSwing/v_TennisSwing_g13_c07.avi,77
TennisSwing/v_TennisSwing_g14_c01.avi,77
TennisSwing/v_TennisSwing_g14_c02.avi,77
TennisSwing/v_TennisSwing_g14_c03.avi,77
TennisSwing/v_TennisSwing_g14_c04.avi,77
TennisSwing/v_TennisSwing_g14_c05.avi,77
TennisSwing/v_TennisSwing_g14_c06.avi,77
TennisSwing/v_TennisSwing_g14_c07.avi,77
TennisSwing/v_TennisSwing_g15_c01.avi,77
TennisSwing/v_TennisSwing_g15_c02.avi,77
TennisSwing/v_TennisSwing_g15_c03.avi,77
TennisSwing/v_TennisSwing_g15_c04.avi,77
TennisSwing/v_TennisSwing_g15_c05.avi,77
TennisSwing/v_TennisSwing_g15_c06.avi,77
TennisSwing/v_TennisSwing_g15_c07.avi,77
TennisSwing/v_TennisSwing_g16_c01.avi,77
TennisSwing/v_TennisSwing_g16_c02.avi,77
TennisSwing/v_TennisSwing_g16_c03.avi,77
TennisSwing/v_TennisSwing_g16_c04.avi,77
TennisSwing/v_TennisSwing_g16_c05.avi,77
TennisSwing/v_TennisSwing_g16_c06.avi,77
TennisSwing/v_TennisSwing_g16_c07.avi,77
TennisSwing/v_TennisSwing_g17_c01.avi,77
TennisSwing/v_TennisSwing_g17_c02.avi,77
TennisSwing/v_TennisSwing_g17_c03.avi,77
TennisSwing/v_TennisSwing_g17_c04.avi,77
TennisSwing/v_TennisSwing_g17_c05.avi,77
TennisSwing/v_TennisSwing_g17_c06.avi,77
TennisSwing/v_TennisSwing_g17_c07.avi,77
TennisSwing/v_TennisSwing_g18_c01.avi,77
TennisSwing/v_TennisSwing_g18_c02.avi,77
TennisSwing/v_TennisSwing_g18_c03.avi,77
TennisSwing/v_TennisSwing_g18_c04.avi,77
TennisSwing/v_TennisSwing_g18_c05.avi,77
TennisSwing/v_TennisSwing_g18_c06.avi,77
TennisSwing/v_TennisSwing_g19_c01.avi,77
TennisSwing/v_TennisSwing_g19_c02.avi,77
TennisSwing/v_TennisSwing_g19_c03.avi,77
TennisSwing/v_TennisSwing_g19_c04.avi,77
TennisSwing/v_TennisSwing_g19_c05.avi,77
TennisSwing/v_TennisSwing_g19_c06.avi,77
TennisSwing/v_TennisSwing_g20_c01.avi,77
TennisSwing/v_TennisSwing_g20_c02.avi,77
TennisSwing/v_TennisSwing_g20_c03.avi,77
TennisSwing/v_TennisSwing_g20_c04.avi,77
TennisSwing/v_TennisSwing_g20_c05.avi,77
TennisSwing/v_TennisSwing_g20_c06.avi,77
TennisSwing/v_TennisSwing_g21_c01.avi,77
TennisSwing/v_TennisSwing_g21_c02.avi,77
TennisSwing/v_TennisSwing_g21_c03.avi,77
TennisSwing/v_TennisSwing_g21_c04.avi,77
TennisSwing/v_TennisSwing_g21_c05.avi,77
TennisSwing/v_TennisSwing_g21_c06.avi,77
TennisSwing/v_TennisSwing_g22_c01.avi,77
TennisSwing/v_TennisSwing_g22_c02.avi,77
TennisSwing/v_TennisSwing_g22_c03.avi,77
TennisSwing/v_TennisSwing_g22_c04.avi,77
TennisSwing/v_TennisSwing_g22_c05.avi,77
TennisSwing/v_TennisSwing_g22_c06.avi,77
TennisSwing/v_TennisSwing_g23_c01.avi,77
TennisSwing/v_TennisSwing_g23_c02.avi,77
TennisSwing/v_TennisSwing_g23_c03.avi,77
TennisSwing/v_TennisSwing_g23_c04.avi,77
TennisSwing/v_TennisSwing_g23_c05.avi,77
TennisSwing/v_TennisSwing_g23_c06.avi,77
TennisSwing/v_TennisSwing_g24_c01.avi,77
TennisSwing/v_TennisSwing_g24_c02.avi,77
TennisSwing/v_TennisSwing_g24_c03.avi,77
TennisSwing/v_TennisSwing_g24_c04.avi,77
TennisSwing/v_TennisSwing_g24_c05.avi,77
TennisSwing/v_TennisSwing_g24_c06.avi,77
TennisSwing/v_TennisSwing_g25_c01.avi,77
TennisSwing/v_TennisSwing_g25_c02.avi,77
TennisSwing/v_TennisSwing_g25_c03.avi,77
TennisSwing/v_TennisSwing_g25_c04.avi,77
TennisSwing/v_TennisSwing_g25_c05.avi,77
TennisSwing/v_TennisSwing_g25_c06.avi,77
Bowling/v_Bowling_g08_c01.avi,23
Bowling/v_Bowling_g08_c02.avi,23
Bowling/v_Bowling_g08_c03.avi,23
Bowling/v_Bowling_g08_c04.avi,23
Bowling/v_Bowling_g08_c05.avi,23
Bowling/v_Bowling_g08_c06.avi,23
Bowling/v_Bowling_g08_c07.avi,23
Bowling/v_Bowling_g09_c01.avi,23
Bowling/v_Bowling_g09_c02.avi,23
Bowling/v_Bowling_g09_c03.avi,23
Bowling/v_Bowling_g09_c04.avi,23
Bowling/v_Bowling_g09_c05.avi,23
Bowling/v_Bowling_g09_c06.avi,23
Bowling/v_Bowling_g09_c07.avi,23
Bowling/v_Bowling_g10_c01.avi,23
Bowling/v_Bowling_g10_c02.avi,23
Bowling/v_Bowling_g10_c03.avi,23
Bowling/v_Bowling_g10_c04.avi,23
Bowling/v_Bowling_g10_c05.avi,23
Bowling/v_Bowling_g10_c06.avi,23
Bowling/v_Bowling_g10_c07.avi,23
Bowling/v_Bowling_g11_c01.avi,23
Bowling/v_Bowling_g11_c02.avi,23
Bowling/v_Bowling_g11_c03.avi,23
Bowling/v_Bowling_g11_c04.avi,23
Bowling/v_Bowling_g11_c05.avi,23
Bowling/v_Bowling_g11_c06.avi,23
Bowling/v_Bowling_g11_c07.avi,23
Bowling/v_Bowling_g12_c01.avi,23
Bowling/v_Bowling_g12_c02.avi,23
Bowling/v_Bowling_g12_c03.avi,23
Bowling/v_Bowling_g12_c04.avi,23
Bowling/v_Bowling_g13_c01.avi,23
Bowling/v_Bowling_g13_c02.avi,23
Bowling/v_Bowling_g13_c03.avi,23
Bowling/v_Bowling_g13_c04.avi,23
Bowling/v_Bowling_g13_c05.avi,23
Bowling/v_Bowling_g13_c06.avi,23
Bowling/v_Bowling_g14_c01.avi,23
Bowling/v_Bowling_g14_c02.avi,23
Bowling/v_Bowling_g14_c03.avi,23
Bowling/v_Bowling_g14_c04.avi,23
Bowling/v_Bowling_g14_c05.avi,23
Bowling/v_Bowling_g15_c01.avi,23
Bowling/v_Bowling_g15_c02.avi,23
Bowling/v_Bowling_g15_c03.avi,23
Bowling/v_Bowling_g15_c04.avi,23
Bowling/v_Bowling_g15_c05.avi,23
Bowling/v_Bowling_g15_c06.avi,23
Bowling/v_Bowling_g15_c07.avi,23
Bowling/v_Bowling_g16_c01.avi,23
Bowling/v_Bowling_g16_c02.avi,23
Bowling/v_Bowling_g16_c03.avi,23
Bowling/v_Bowling_g16_c04.avi,23
Bowling/v_Bowling_g17_c01.avi,23
Bowling/v_Bowling_g17_c02.avi,23
Bowling/v_Bowling_g17_c03.avi,23
Bowling/v_Bowling_g17_c04.avi,23
Bowling/v_Bowling_g17_c05.avi,23
Bowling/v_Bowling_g17_c06.avi,23
Bowling/v_Bowling_g17_c07.avi,23
Bowling/v_Bowling_g18_c01.avi,23
Bowling/v_Bowling_g18_c02.avi,23
Bowling/v_Bowling_g18_c03.avi,23
Bowling/v_Bowling_g18_c04.avi,23
Bowling/v_Bowling_g18_c05.avi,23
Bowling/v_Bowling_g19_c01.avi,23
Bowling/v_Bowling_g19_c02.avi,23
Bowling/v_Bowling_g19_c03.avi,23
Bowling/v_Bowling_g19_c04.avi,23
Bowling/v_Bowling_g19_c05.avi,23
Bowling/v_Bowling_g19_c06.avi,23
Bowling/v_Bowling_g19_c07.avi,23
Bowling/v_Bowling_g20_c01.avi,23
Bowling/v_Bowling_g20_c02.avi,23
Bowling/v_Bowling_g20_c03.avi,23
Bowling/v_Bowling_g20_c04.avi,23
Bowling/v_Bowling_g20_c05.avi,23
Bowling/v_Bowling_g20_c06.avi,23
Bowling/v_Bowling_g20_c07.avi,23
Bowling/v_Bowling_g21_c01.avi,23
Bowling/v_Bowling_g21_c02.avi,23
Bowling/v_Bowling_g21_c03.avi,23
Bowling/v_Bowling_g21_c04.avi,23
Bowling/v_Bowling_g21_c05.avi,23
Bowling/v_Bowling_g21_c06.avi,23
Bowling/v_Bowling_g22_c01.avi,23
Bowling/v_Bowling_g22_c02.avi,23
Bowling/v_Bowling_g22_c03.avi,23
Bowling/v_Bowling_g22_c04.avi,23
Bowling/v_Bowling_g22_c05.avi,23
Bowling/v_Bowling_g22_c06.avi,23
Bowling/v_Bowling_g22_c07.avi,23
Bowling/v_Bowling_g23_c01.avi,23
Bowling/v_Bowling_g23_c02.avi,23
Bowling/v_Bowling_g23_c03.avi,23
Bowling/v_Bowling_g23_c04.avi,23
Bowling/v_Bowling_g23_c05.avi,23
Bowling/v_Bowling_g23_c06.avi,23
Bowling/v_Bowling_g23_c07.avi,23
Bowling/v_Bowling_g24_c01.avi,23
Bowling/v_Bowling_g24_c02.avi,23
Bowling/v_Bowling_g24_c03.avi,23
Bowling/v_Bowling_g24_c04.avi,23
Bowling/v_Bowling_g24_c05.avi,23
Bowling/v_Bowling_g24_c06.avi,23
Bowling/v_Bowling_g24_c07.avi,23
Bowling/v_Bowling_g25_c01.avi,23
Bowling/v_Bowling_g25_c02.avi,23
Bowling/v_Bowling_g25_c03.avi,23
Bowling/v_Bowling_g25_c04.avi,23
Bowling/v_Bowling_g25_c05.avi,23
BasketballDunk/v_BasketballDunk_g08_c01.avi,12
BasketballDunk/v_BasketballDunk_g08_c02.avi,12
BasketballDunk/v_BasketballDunk_g08_c03.avi,12
BasketballDunk/v_BasketballDunk_g08_c04.avi,12
BasketballDunk/v_BasketballDunk_g08_c05.avi,12
BasketballDunk/v_BasketballDunk_g09_c01.avi,12
BasketballDunk/v_BasketballDunk_g09_c02.avi,12
BasketballDunk/v_BasketballDunk_g09_c03.avi,12
BasketballDunk/v_BasketballDunk_g09_c04.avi,12
BasketballDunk/v_BasketballDunk_g09_c05.avi,12
BasketballDunk/v_BasketballDunk_g10_c01.avi,12
BasketballDunk/v_BasketballDunk_g10_c02.avi,12
BasketballDunk/v_BasketballDunk_g10_c03.avi,12
BasketballDunk/v_BasketballDunk_g10_c04.avi,12
BasketballDunk/v_BasketballDunk_g10_c05.avi,12
BasketballDunk/v_BasketballDunk_g11_c01.avi,12
BasketballDunk/v_BasketballDunk_g11_c02.avi,12
BasketballDunk/v_BasketballDunk_g11_c03.avi,12
BasketballDunk/v_BasketballDunk_g11_c04.avi,12
BasketballDunk/v_BasketballDunk_g11_c05.avi,12
BasketballDunk/v_BasketballDunk_g12_c01.avi,12
BasketballDunk/v_BasketballDunk_g12_c02.avi,12
BasketballDunk/v_BasketballDunk_g12_c03.avi,12
BasketballDunk/v_BasketballDunk_g12_c04.avi,12
BasketballDunk/v_BasketballDunk_g12_c05.avi,12
BasketballDunk/v_BasketballDunk_g13_c01.avi,12
BasketballDunk/v_BasketballDunk_g13_c02.avi,12
BasketballDunk/v_BasketballDunk_g13_c03.avi,12
BasketballDunk/v_BasketballDunk_g13_c04.avi,12
BasketballDunk/v_BasketballDunk_g14_c01.avi,12
BasketballDunk/v_BasketballDunk_g14_c02.avi,12
BasketballDunk/v_BasketballDunk_g14_c03.avi,12
BasketballDunk/v_BasketballDunk_g14_c04.avi,12
BasketballDunk/v_BasketballDunk_g14_c05.avi,12
BasketballDunk/v_BasketballDunk_g14_c06.avi,12
BasketballDunk/v_BasketballDunk_g14_c07.avi,12
BasketballDunk/v_BasketballDunk_g15_c01.avi,12
BasketballDunk/v_BasketballDunk_g15_c02.avi,12
BasketballDunk/v_BasketballDunk_g15_c03.avi,12
BasketballDunk/v_BasketballDunk_g15_c04.avi,12
BasketballDunk/v_BasketballDunk_g15_c05.avi,12
BasketballDunk/v_BasketballDunk_g15_c06.avi,12
BasketballDunk/v_BasketballDunk_g15_c07.avi,12
BasketballDunk/v_BasketballDunk_g16_c01.avi,12
BasketballDunk/v_BasketballDunk_g16_c02.avi,12
BasketballDunk/v_BasketballDunk_g16_c03.avi,12
BasketballDunk/v_BasketballDunk_g16_c04.avi,12
BasketballDunk/v_BasketballDunk_g16_c05.avi,12
BasketballDunk/v_BasketballDunk_g16_c06.avi,12
BasketballDunk/v_BasketballDunk_g17_c01.avi,12
BasketballDunk/v_BasketballDunk_g17_c02.avi,12
BasketballDunk/v_BasketballDunk_g17_c03.avi,12
BasketballDunk/v_BasketballDunk_g17_c04.avi,12
BasketballDunk/v_BasketballDunk_g17_c05.avi,12
BasketballDunk/v_BasketballDunk_g17_c06.avi,12
BasketballDunk/v_BasketballDunk_g17_c07.avi,12
BasketballDunk/v_BasketballDunk_g18_c01.avi,12
BasketballDunk/v_BasketballDunk_g18_c02.avi,12
BasketballDunk/v_BasketballDunk_g18_c03.avi,12
BasketballDunk/v_BasketballDunk_g18_c04.avi,12
BasketballDunk/v_BasketballDunk_g18_c05.avi,12
BasketballDunk/v_BasketballDunk_g18_c06.avi,12
BasketballDunk/v_BasketballDunk_g19_c01.avi,12
BasketballDunk/v_BasketballDunk_g19_c02.avi,12
BasketballDunk/v_BasketballDunk_g19_c03.avi,12
BasketballDunk/v_BasketballDunk_g19_c04.avi,12
BasketballDunk/v_BasketballDunk_g20_c01.avi,12
BasketballDunk/v_BasketballDunk_g20_c02.avi,12
BasketballDunk/v_BasketballDunk_g20_c03.avi,12
BasketballDunk/v_BasketballDunk_g20_c04.avi,12
BasketballDunk/v_BasketballDunk_g20_c05.avi,12
BasketballDunk/v_BasketballDunk_g20_c06.avi,12
BasketballDunk/v_BasketballDunk_g21_c01.avi,12
BasketballDunk/v_BasketballDunk_g21_c02.avi,12
BasketballDunk/v_BasketballDunk_g21_c03.avi,12
BasketballDunk/v_BasketballDunk_g21_c04.avi,12
BasketballDunk/v_BasketballDunk_g22_c01.avi,12
BasketballDunk/v_BasketballDunk_g22_c02.avi,12
BasketballDunk/v_BasketballDunk_g22_c03.avi,12
BasketballDunk/v_BasketballDunk_g22_c04.avi,12
BasketballDunk/v_BasketballDunk_g23_c01.avi,12
BasketballDunk/v_BasketballDunk_g23_c02.avi,12
BasketballDunk/v_BasketballDunk_g23_c03.avi,12
BasketballDunk/v_BasketballDunk_g23_c04.avi,12
BasketballDunk/v_BasketballDunk_g23_c05.avi,12
BasketballDunk/v_BasketballDunk_g24_c01.avi,12
BasketballDunk/v_BasketballDunk_g24_c02.avi,12
BasketballDunk/v_BasketballDunk_g24_c03.avi,12
BasketballDunk/v_BasketballDunk_g24_c04.avi,12
BasketballDunk/v_BasketballDunk_g24_c05.avi,12
BasketballDunk/v_BasketballDunk_g25_c01.avi,12
BasketballDunk/v_BasketballDunk_g25_c02.avi,12
BasketballDunk/v_BasketballDunk_g25_c03.avi,12
BasketballDunk/v_BasketballDunk_g25_c04.avi,12
BaseballPitch/v_BaseballPitch_g08_c01.avi,9
BaseballPitch/v_BaseballPitch_g08_c02.avi,9
BaseballPitch/v_BaseballPitch_g08_c03.avi,9
BaseballPitch/v_BaseballPitch_g08_c04.avi,9
BaseballPitch/v_BaseballPitch_g08_c05.avi,9
BaseballPitch/v_BaseballPitch_g08_c06.avi,9
BaseballPitch/v_BaseballPitch_g08_c07.avi,9
BaseballPitch/v_BaseballPitch_g09_c01.avi,9
BaseballPitch/v_BaseballPitch_g09_c02.avi,9
BaseballPitch/v_BaseballPitch_g09_c03.avi,9
BaseballPitch/v_BaseballPitch_g09_c04.avi,9
BaseballPitch/v_BaseballPitch_g09_c05.avi,9
BaseballPitch/v_BaseballPitch_g09_c06.avi,9
BaseballPitch/v_BaseballPitch_g09_c07.avi,9
BaseballPitch/v_BaseballPitch_g10_c01.avi,9
BaseballPitch/v_BaseballPitch_g10_c02.avi,9
BaseballPitch/v_BaseballPitch_g10_c03.avi,9
BaseballPitch/v_BaseballPitch_g10_c04.avi,9
BaseballPitch/v_BaseballPitch_g10_c05.avi,9
BaseballPitch/v_BaseballPitch_g11_c01.avi,9
BaseballPitch/v_BaseballPitch_g11_c02.avi,9
BaseballPitch/v_BaseballPitch_g11_c03.avi,9
BaseballPitch/v_BaseballPitch_g11_c04.avi,9
BaseballPitch/v_BaseballPitch_g11_c05.avi,9
BaseballPitch/v_BaseballPitch_g12_c01.avi,9
BaseballPitch/v_BaseballPitch_g12_c02.avi,9
BaseballPitch/v_BaseballPitch_g12_c03.avi,9
BaseballPitch/v_BaseballPitch_g12_c04.avi,9
BaseballPitch/v_BaseballPitch_g13_c01.avi,9
BaseballPitch/v_BaseballPitch_g13_c02.avi,9
BaseballPitch/v_BaseballPitch_g13_c03.avi,9
BaseballPitch/v_BaseballPitch_g13_c04.avi,9
BaseballPitch/v_BaseballPitch_g13_c05.avi,9
BaseballPitch/v_BaseballPitch_g13_c06.avi,9
BaseballPitch/v_BaseballPitch_g13_c07.avi,9
BaseballPitch/v_BaseballPitch_g14_c01.avi,9
BaseballPitch/v_BaseballPitch_g14_c02.avi,9
BaseballPitch/v_BaseballPitch_g14_c03.avi,9
BaseballPitch/v_BaseballPitch_g14_c04.avi,9
BaseballPitch/v_BaseballPitch_g15_c01.avi,9
BaseballPitch/v_BaseballPitch_g15_c02.avi,9
BaseballPitch/v_BaseballPitch_g15_c03.avi,9
BaseballPitch/v_BaseballPitch_g15_c04.avi,9
BaseballPitch/v_BaseballPitch_g15_c05.avi,9
BaseballPitch/v_BaseballPitch_g15_c06.avi,9
BaseballPitch/v_BaseballPitch_g15_c07.avi,9
BaseballPitch/v_BaseballPitch_g16_c01.avi,9
BaseballPitch/v_BaseballPitch_g16_c02.avi,9
BaseballPitch/v_BaseballPitch_g16_c03.avi,9
BaseballPitch/v_BaseballPitch_g16_c04.avi,9
BaseballPitch/v_BaseballPitch_g16_c05.avi,9
BaseballPitch/v_BaseballPitch_g16_c06.avi,9
BaseballPitch/v_BaseballPitch_g17_c01.avi,9
BaseballPitch/v_BaseballPitch_g17_c02.avi,9
BaseballPitch/v_BaseballPitch_g17_c03.avi,9
BaseballPitch/v_BaseballPitch_g17_c04.avi,9
BaseballPitch/v_BaseballPitch_g17_c05.avi,9
BaseballPitch/v_BaseballPitch_g17_c06.avi,9
BaseballPitch/v_BaseballPitch_g17_c07.avi,9
BaseballPitch/v_BaseballPitch_g18_c01.avi,9
BaseballPitch/v_BaseballPitch_g18_c02.avi,9
BaseballPitch/v_BaseballPitch_g18_c03.avi,9
BaseballPitch/v_BaseballPitch_g18_c04.avi,9
BaseballPitch/v_BaseballPitch_g18_c05.avi,9
BaseballPitch/v_BaseballPitch_g18_c06.avi,9
BaseballPitch/v_BaseballPitch_g18_c07.avi,9
BaseballPitch/v_BaseballPitch_g19_c01.avi,9
BaseballPitch/v_BaseballPitch_g19_c02.avi,9
BaseballPitch/v_BaseballPitch_g19_c03.avi,9
BaseballPitch/v_BaseballPitch_g19_c04.avi,9
BaseballPitch/v_BaseballPitch_g19_c05.avi,9
BaseballPitch/v_BaseballPitch_g20_c01.avi,9
BaseballPitch/v_BaseballPitch_g20_c02.avi,9
BaseballPitch/v_BaseballPitch_g20_c03.avi,9
BaseballPitch/v_BaseballPitch_g20_c04.avi,9
BaseballPitch/v_BaseballPitch_g21_c01.avi,9
BaseballPitch/v_BaseballPitch_g21_c02.avi,9
BaseballPitch/v_BaseballPitch_g21_c03.avi,9
BaseballPitch/v_BaseballPitch_g21_c04.avi,9
BaseballPitch/v_BaseballPitch_g22_c01.avi,9
BaseballPitch/v_BaseballPitch_g22_c02.avi,9
BaseballPitch/v_BaseballPitch_g22_c03.avi,9
BaseballPitch/v_BaseballPitch_g22_c04.avi,9
BaseballPitch/v_BaseballPitch_g22_c05.avi,9
BaseballPitch/v_BaseballPitch_g22_c06.avi,9
BaseballPitch/v_BaseballPitch_g22_c07.avi,9
BaseballPitch/v_BaseballPitch_g23_c01.avi,9
BaseballPitch/v_BaseballPitch_g23_c02.avi,9
BaseballPitch/v_BaseballPitch_g23_c03.avi,9
BaseballPitch/v_BaseballPitch_g23_c04.avi,9
BaseballPitch/v_BaseballPitch_g23_c05.avi,9
BaseballPitch/v_BaseballPitch_g23_c06.avi,9
BaseballPitch/v_BaseballPitch_g23_c07.avi,9
BaseballPitch/v_BaseballPitch_g24_c01.avi,9
BaseballPitch/v_BaseballPitch_g24_c02.avi,9
BaseballPitch/v_BaseballPitch_g24_c03.avi,9
BaseballPitch/v_BaseballPitch_g24_c04.avi,9
BaseballPitch/v_BaseballPitch_g24_c05.avi,9
BaseballPitch/v_BaseballPitch_g24_c06.avi,9
BaseballPitch/v_BaseballPitch_g24_c07.avi,9
BaseballPitch/v_BaseballPitch_g25_c01.avi,9
BaseballPitch/v_BaseballPitch_g25_c02.avi,9
BaseballPitch/v_BaseballPitch_g25_c03.avi,9
BaseballPitch/v_BaseballPitch_g25_c04.avi,9
BaseballPitch/v_BaseballPitch_g25_c05.avi,9
BaseballPitch/v_BaseballPitch_g25_c06.avi,9
BaseballPitch/v_BaseballPitch_g25_c07.avi,9
JavelinThrow/v_JavelinThrow_g08_c01.avi,50
JavelinThrow/v_JavelinThrow_g08_c02.avi,50
JavelinThrow/v_JavelinThrow_g08_c03.avi,50
JavelinThrow/v_JavelinThrow_g08_c04.avi,50
JavelinThrow/v_JavelinThrow_g09_c01.avi,50
JavelinThrow/v_JavelinThrow_g09_c02.avi,50
JavelinThrow/v_JavelinThrow_g09_c03.avi,50
JavelinThrow/v_JavelinThrow_g09_c04.avi,50
JavelinThrow/v_JavelinThrow_g10_c01.avi,50
JavelinThrow/v_JavelinThrow_g10_c02.avi,50
JavelinThrow/v_JavelinThrow_g10_c03.avi,50
JavelinThrow/v_JavelinThrow_g10_c04.avi,50
JavelinThrow/v_JavelinThrow_g10_c05.avi,50
JavelinThrow/v_JavelinThrow_g11_c01.avi,50
JavelinThrow/v_JavelinThrow_g11_c02.avi,50
JavelinThrow/v_JavelinThrow_g11_c03.avi,50
JavelinThrow/v_JavelinThrow_g11_c04.avi,50
JavelinThrow/v_JavelinThrow_g11_c05.avi,50
JavelinThrow/v_JavelinThrow_g11_c06.avi,50
JavelinThrow/v_JavelinThrow_g12_c01.avi,50
JavelinThrow/v_JavelinThrow_g12_c02.avi,50
JavelinThrow/v_JavelinThrow_g12_c03.avi,50
JavelinThrow/v_JavelinThrow_g12_c04.avi,50
JavelinThrow/v_JavelinThrow_g13_c01.avi,50
JavelinThrow/v_JavelinThrow_g13_c02.avi,50
JavelinThrow/v_JavelinThrow_g13_c03.avi,50
JavelinThrow/v_JavelinThrow_g13_c04.avi,50
JavelinThrow/v_JavelinThrow_g14_c01.avi,50
JavelinThrow/v_JavelinThrow_g14_c02.avi,50
JavelinThrow/v_JavelinThrow_g14_c03.avi,50
JavelinThrow/v_JavelinThrow_g14_c04.avi,50
JavelinThrow/v_JavelinThrow_g14_c05.avi,50
JavelinThrow/v_JavelinThrow_g14_c06.avi,50
JavelinThrow/v_JavelinThrow_g15_c01.avi,50
JavelinThrow/v_JavelinThrow_g15_c02.avi,50
JavelinThrow/v_JavelinThrow_g15_c03.avi,50
JavelinThrow/v_JavelinThrow_g15_c04.avi,50
JavelinThrow/v_JavelinThrow_g15_c05.avi,50
JavelinThrow/v_JavelinThrow_g15_c06.avi,50
JavelinThrow/v_JavelinThrow_g16_c01.avi,50
JavelinThrow/v_JavelinThrow_g16_c02.avi,50
JavelinThrow/v_JavelinThrow_g16_c03.avi,50
JavelinThrow/v_JavelinThrow_g16_c04.avi,50
JavelinThrow/v_JavelinThrow_g16_c05.avi,50
JavelinThrow/v_JavelinThrow_g16_c06.avi,50
JavelinThrow/v_JavelinThrow_g17_c01.avi,50
JavelinThrow/v_JavelinThrow_g17_c02.avi,50
JavelinThrow/v_JavelinThrow_g17_c03.avi,50
JavelinThrow/v_JavelinThrow_g17_c04.avi,50
JavelinThrow/v_JavelinThrow_g17_c05.avi,50
JavelinThrow/v_JavelinThrow_g18_c01.avi,50
JavelinThrow/v_JavelinThrow_g18_c02.avi,50
JavelinThrow/v_JavelinThrow_g18_c03.avi,50
JavelinThrow/v_JavelinThrow_g18_c04.avi,50
JavelinThrow/v_JavelinThrow_g19_c01.avi,50
JavelinThrow/v_JavelinThrow_g19_c02.avi,50
JavelinThrow/v_JavelinThrow_g19_c03.avi,50
JavelinThrow/v_JavelinThrow_g19_c04.avi,50
JavelinThrow/v_JavelinThrow_g20_c01.avi,50
JavelinThrow/v_JavelinThrow_g20_c02.avi,50
JavelinThrow/v_JavelinThrow_g20_c03.avi,50
JavelinThrow/v_JavelinThrow_g20_c04.avi,50
JavelinThrow/v_JavelinThrow_g21_c01.avi,50
JavelinThrow/v_JavelinThrow_g21_c02.avi,50
JavelinThrow/v_JavelinThrow_g21_c03.avi,50
JavelinThrow/v_JavelinThrow_g21_c04.avi,50
JavelinThrow/v_JavelinThrow_g22_c01.avi,50
JavelinThrow/v_JavelinThrow_g22_c02.avi,50
JavelinThrow/v_JavelinThrow_g22_c03.avi,50
JavelinThrow/v_JavelinThrow_g22_c04.avi,50
JavelinThrow/v_JavelinThrow_g23_c01.avi,50
JavelinThrow/v_JavelinThrow_g23_c02.avi,50
JavelinThrow/v_JavelinThrow_g23_c03.avi,50
JavelinThrow/v_JavelinThrow_g23_c04.avi,50
JavelinThrow/v_JavelinThrow_g23_c05.avi,50
JavelinThrow/v_JavelinThrow_g24_c01.avi,50
JavelinThrow/v_JavelinThrow_g24_c02.avi,50
JavelinThrow/v_JavelinThrow_g24_c03.avi,50
JavelinThrow/v_JavelinThrow_g24_c04.avi,50
JavelinThrow/v_JavelinThrow_g24_c05.avi,50
JavelinThrow/v_JavelinThrow_g24_c06.avi,50
JavelinThrow/v_JavelinThrow_g25_c01.avi,50
JavelinThrow/v_JavelinThrow_g25_c02.avi,50
JavelinThrow/v_JavelinThrow_g25_c03.avi,50
JavelinThrow/v_JavelinThrow_g25_c04.avi,50
JavelinThrow/v_JavelinThrow_g25_c05.avi,50
HammerThrow/v_HammerThrow_g08_c01.avi,45
HammerThrow/v_HammerThrow_g08_c02.avi,45
HammerThrow/v_HammerThrow_g08_c03.avi,45
HammerThrow/v_HammerThrow_g08_c04.avi,45
HammerThrow/v_HammerThrow_g08_c05.avi,45
HammerThrow/v_HammerThrow_g08_c06.avi,45
HammerThrow/v_HammerThrow_g09_c01.avi,45
HammerThrow/v_HammerThrow_g09_c02.avi,45
HammerThrow/v_HammerThrow_g09_c03.avi,45
HammerThrow/v_HammerThrow_g09_c04.avi,45
HammerThrow/v_HammerThrow_g09_c05.avi,45
HammerThrow/v_HammerThrow_g09_c06.avi,45
HammerThrow/v_HammerThrow_g09_c07.avi,45
HammerThrow/v_HammerThrow_g10_c01.avi,45
HammerThrow/v_HammerThrow_g10_c02.avi,45
HammerThrow/v_HammerThrow_g10_c03.avi,45
HammerThrow/v_HammerThrow_g10_c04.avi,45
HammerThrow/v_HammerThrow_g10_c05.avi,45
HammerThrow/v_HammerThrow_g10_c06.avi,45
HammerThrow/v_HammerThrow_g10_c07.avi,45
HammerThrow/v_HammerThrow_g11_c01.avi,45
HammerThrow/v_HammerThrow_g11_c02.avi,45
HammerThrow/v_HammerThrow_g11_c03.avi,45
HammerThrow/v_HammerThrow_g11_c04.avi,45
HammerThrow/v_HammerThrow_g11_c05.avi,45
HammerThrow/v_HammerThrow_g11_c06.avi,45
HammerThrow/v_HammerThrow_g12_c01.avi,45
HammerThrow/v_HammerThrow_g12_c02.avi,45
HammerThrow/v_HammerThrow_g12_c03.avi,45
HammerThrow/v_HammerThrow_g12_c04.avi,45
HammerThrow/v_HammerThrow_g12_c05.avi,45
HammerThrow/v_HammerThrow_g12_c06.avi,45
HammerThrow/v_HammerThrow_g12_c07.avi,45
HammerThrow/v_HammerThrow_g13_c01.avi,45
HammerThrow/v_HammerThrow_g13_c02.avi,45
HammerThrow/v_HammerThrow_g13_c03.avi,45
HammerThrow/v_HammerThrow_g13_c04.avi,45
HammerThrow/v_HammerThrow_g13_c05.avi,45
HammerThrow/v_HammerThrow_g13_c06.avi,45
HammerThrow/v_HammerThrow_g13_c07.avi,45
HammerThrow/v_HammerThrow_g14_c01.avi,45
HammerThrow/v_HammerThrow_g14_c02.avi,45
HammerThrow/v_HammerThrow_g14_c03.avi,45
HammerThrow/v_HammerThrow_g14_c04.avi,45
HammerThrow/v_HammerThrow_g14_c05.avi,45
HammerThrow/v_HammerThrow_g14_c06.avi,45
HammerThrow/v_HammerThrow_g15_c01.avi,45
HammerThrow/v_HammerThrow_g15_c02.avi,45
HammerThrow/v_HammerThrow_g15_c03.avi,45
HammerThrow/v_HammerThrow_g15_c04.avi,45
HammerThrow/v_HammerThrow_g15_c05.avi,45
HammerThrow/v_HammerThrow_g16_c01.avi,45
HammerThrow/v_HammerThrow_g16_c02.avi,45
HammerThrow/v_HammerThrow_g16_c03.avi,45
HammerThrow/v_HammerThrow_g16_c04.avi,45
HammerThrow/v_HammerThrow_g17_c01.avi,45
HammerThrow/v_HammerThrow_g17_c02.avi,45
HammerThrow/v_HammerThrow_g17_c03.avi,45
HammerThrow/v_HammerThrow_g17_c04.avi,45
HammerThrow/v_HammerThrow_g17_c05.avi,45
HammerThrow/v_HammerThrow_g18_c01.avi,45
HammerThrow/v_HammerThrow_g18_c02.avi,45
HammerThrow/v_HammerThrow_g18_c03.avi,45
HammerThrow/v_HammerThrow_g18_c04.avi,45
HammerThrow/v_HammerThrow_g18_c05.avi,45
HammerThrow/v_HammerThrow_g19_c01.avi,45
HammerThrow/v_HammerThrow_g19_c02.avi,45
HammerThrow/v_HammerThrow_g19_c03.avi,45
HammerThrow/v_HammerThrow_g19_c04.avi,45
HammerThrow/v_HammerThrow_g19_c05.avi,45
HammerThrow/v_HammerThrow_g19_c06.avi,45
HammerThrow/v_HammerThrow_g19_c07.avi,45
HammerThrow/v_HammerThrow_g20_c01.avi,45
HammerThrow/v_HammerThrow_g20_c02.avi,45
HammerThrow/v_HammerThrow_g20_c03.avi,45
HammerThrow/v_HammerThrow_g20_c04.avi,45
HammerThrow/v_HammerThrow_g20_c05.avi,45
HammerThrow/v_HammerThrow_g21_c01.avi,45
HammerThrow/v_HammerThrow_g21_c02.avi,45
HammerThrow/v_HammerThrow_g21_c03.avi,45
HammerThrow/v_HammerThrow_g21_c04.avi,45
HammerThrow/v_HammerThrow_g21_c05.avi,45
HammerThrow/v_HammerThrow_g22_c01.avi,45
HammerThrow/v_HammerThrow_g22_c02.avi,45
HammerThrow/v_HammerThrow_g22_c03.avi,45
HammerThrow/v_HammerThrow_g22_c04.avi,45
HammerThrow/v_HammerThrow_g22_c05.avi,45
HammerThrow/v_HammerThrow_g22_c06.avi,45
HammerThrow/v_HammerThrow_g22_c07.avi,45
HammerThrow/v_HammerThrow_g23_c01.avi,45
HammerThrow/v_HammerThrow_g23_c02.avi,45
HammerThrow/v_HammerThrow_g23_c03.avi,45
HammerThrow/v_HammerThrow_g23_c04.avi,45
HammerThrow/v_HammerThrow_g23_c05.avi,45
HammerThrow/v_HammerThrow_g23_c06.avi,45
HammerThrow/v_HammerThrow_g23_c07.avi,45
HammerThrow/v_HammerThrow_g24_c01.avi,45
HammerThrow/v_HammerThrow_g24_c02.avi,45
HammerThrow/v_HammerThrow_g24_c03.avi,45
HammerThrow/v_HammerThrow_g24_c04.avi,45
HammerThrow/v_HammerThrow_g25_c01.avi,45
HammerThrow/v_HammerThrow_g25_c02.avi,45
HammerThrow/v_HammerThrow_g25_c03.avi,45
HammerThrow/v_HammerThrow_g25_c04.avi,45
HammerThrow/v_HammerThrow_g25_c05.avi,45
JumpingJack/v_JumpingJack_g08_c01.avi,52
JumpingJack/v_JumpingJack_g08_c02.avi,52
JumpingJack/v_JumpingJack_g08_c03.avi,52
JumpingJack/v_JumpingJack_g08_c04.avi,52
JumpingJack/v_JumpingJack_g09_c01.avi,52
JumpingJack/v_JumpingJack_g09_c02.avi,52
JumpingJack/v_JumpingJack_g09_c03.avi,52
JumpingJack/v_JumpingJack_g09_c04.avi,52
JumpingJack/v_JumpingJack_g09_c05.avi,52
JumpingJack/v_JumpingJack_g09_c06.avi,52
JumpingJack/v_JumpingJack_g09_c07.avi,52
JumpingJack/v_JumpingJack_g10_c01.avi,52
JumpingJack/v_JumpingJack_g10_c02.avi,52
JumpingJack/v_JumpingJack_g10_c03.avi,52
JumpingJack/v_JumpingJack_g10_c04.avi,52
JumpingJack/v_JumpingJack_g10_c05.avi,52
JumpingJack/v_JumpingJack_g10_c06.avi,52
JumpingJack/v_JumpingJack_g11_c01.avi,52
JumpingJack/v_JumpingJack_g11_c02.avi,52
JumpingJack/v_JumpingJack_g11_c03.avi,52
JumpingJack/v_JumpingJack_g11_c04.avi,52
JumpingJack/v_JumpingJack_g12_c01.avi,52
JumpingJack/v_JumpingJack_g12_c02.avi,52
JumpingJack/v_JumpingJack_g12_c03.avi,52
JumpingJack/v_JumpingJack_g12_c04.avi,52
JumpingJack/v_JumpingJack_g13_c01.avi,52
JumpingJack/v_JumpingJack_g13_c02.avi,52
JumpingJack/v_JumpingJack_g13_c03.avi,52
JumpingJack/v_JumpingJack_g13_c04.avi,52
JumpingJack/v_JumpingJack_g13_c05.avi,52
JumpingJack/v_JumpingJack_g13_c06.avi,52
JumpingJack/v_JumpingJack_g13_c07.avi,52
JumpingJack/v_JumpingJack_g14_c01.avi,52
JumpingJack/v_JumpingJack_g14_c02.avi,52
JumpingJack/v_JumpingJack_g14_c03.avi,52
JumpingJack/v_JumpingJack_g14_c04.avi,52
JumpingJack/v_JumpingJack_g15_c01.avi,52
JumpingJack/v_JumpingJack_g15_c02.avi,52
JumpingJack/v_JumpingJack_g15_c03.avi,52
JumpingJack/v_JumpingJack_g15_c04.avi,52
JumpingJack/v_JumpingJack_g16_c01.avi,52
JumpingJack/v_JumpingJack_g16_c02.avi,52
JumpingJack/v_JumpingJack_g16_c03.avi,52
JumpingJack/v_JumpingJack_g16_c04.avi,52
JumpingJack/v_JumpingJack_g17_c01.avi,52
JumpingJack/v_JumpingJack_g17_c02.avi,52
JumpingJack/v_JumpingJack_g17_c03.avi,52
JumpingJack/v_JumpingJack_g17_c04.avi,52
JumpingJack/v_JumpingJack_g18_c01.avi,52
JumpingJack/v_JumpingJack_g18_c02.avi,52
JumpingJack/v_JumpingJack_g18_c03.avi,52
JumpingJack/v_JumpingJack_g18_c04.avi,52
JumpingJack/v_JumpingJack_g19_c01.avi,52
JumpingJack/v_JumpingJack_g19_c02.avi,52
JumpingJack/v_JumpingJack_g19_c03.avi,52
JumpingJack/v_JumpingJack_g19_c04.avi,52
JumpingJack/v_JumpingJack_g19_c05.avi,52
JumpingJack/v_JumpingJack_g19_c06.avi,52
JumpingJack/v_JumpingJack_g19_c07.avi,52
JumpingJack/v_JumpingJack_g20_c01.avi,52
JumpingJack/v_JumpingJack_g20_c02.avi,52
JumpingJack/v_JumpingJack_g20_c03.avi,52
JumpingJack/v_JumpingJack_g20_c04.avi,52
JumpingJack/v_JumpingJack_g21_c01.avi,52
JumpingJack/v_JumpingJack_g21_c02.avi,52
JumpingJack/v_JumpingJack_g21_c03.avi,52
JumpingJack/v_JumpingJack_g21_c04.avi,52
JumpingJack/v_JumpingJack_g22_c01.avi,52
JumpingJack/v_JumpingJack_g22_c02.avi,52
JumpingJack/v_JumpingJack_g22_c03.avi,52
JumpingJack/v_JumpingJack_g22_c04.avi,52
JumpingJack/v_JumpingJack_g23_c01.avi,52
JumpingJack/v_JumpingJack_g23_c02.avi,52
JumpingJack/v_JumpingJack_g23_c03.avi,52
JumpingJack/v_JumpingJack_g23_c04.avi,52
JumpingJack/v_JumpingJack_g24_c01.avi,52
JumpingJack/v_JumpingJack_g24_c02.avi,52
JumpingJack/v_JumpingJack_g24_c03.avi,52
JumpingJack/v_JumpingJack_g24_c04.avi,52
JumpingJack/v_JumpingJack_g25_c01.avi,52
JumpingJack/v_JumpingJack_g25_c02.avi,52
JumpingJack/v_JumpingJack_g25_c03.avi,52
JumpingJack/v_JumpingJack_g25_c04.avi,52
JumpingJack/v_JumpingJack_g25_c05.avi,52
JumpingJack/v_JumpingJack_g25_c06.avi,52
JumpingJack/v_JumpingJack_g25_c07.avi,52
GolfSwing/v_GolfSwing_g08_c01.avi,36
GolfSwing/v_GolfSwing_g08_c02.avi,36
GolfSwing/v_GolfSwing_g08_c03.avi,36
GolfSwing/v_GolfSwing_g08_c04.avi,36
GolfSwing/v_GolfSwing_g08_c05.avi,36
GolfSwing/v_GolfSwing_g08_c06.avi,36
GolfSwing/v_GolfSwing_g09_c01.avi,36
GolfSwing/v_GolfSwing_g09_c02.avi,36
GolfSwing/v_GolfSwing_g09_c03.avi,36
GolfSwing/v_GolfSwing_g09_c04.avi,36
GolfSwing/v_GolfSwing_g10_c01.avi,36
GolfSwing/v_GolfSwing_g10_c02.avi,36
GolfSwing/v_GolfSwing_g10_c03.avi,36
GolfSwing/v_GolfSwing_g10_c04.avi,36
GolfSwing/v_GolfSwing_g11_c01.avi,36
GolfSwing/v_GolfSwing_g11_c02.avi,36
GolfSwing/v_GolfSwing_g11_c03.avi,36
GolfSwing/v_GolfSwing_g11_c04.avi,36
GolfSwing/v_GolfSwing_g11_c05.avi,36
GolfSwing/v_GolfSwing_g11_c06.avi,36
GolfSwing/v_GolfSwing_g11_c07.avi,36
GolfSwing/v_GolfSwing_g12_c01.avi,36
GolfSwing/v_GolfSwing_g12_c02.avi,36
GolfSwing/v_GolfSwing_g12_c03.avi,36
GolfSwing/v_GolfSwing_g12_c04.avi,36
GolfSwing/v_GolfSwing_g13_c01.avi,36
GolfSwing/v_GolfSwing_g13_c02.avi,36
GolfSwing/v_GolfSwing_g13_c03.avi,36
GolfSwing/v_GolfSwing_g13_c04.avi,36
GolfSwing/v_GolfSwing_g14_c01.avi,36
GolfSwing/v_GolfSwing_g14_c02.avi,36
GolfSwing/v_GolfSwing_g14_c03.avi,36
GolfSwing/v_GolfSwing_g14_c04.avi,36
GolfSwing/v_GolfSwing_g15_c01.avi,36
GolfSwing/v_GolfSwing_g15_c02.avi,36
GolfSwing/v_GolfSwing_g15_c03.avi,36
GolfSwing/v_GolfSwing_g15_c04.avi,36
GolfSwing/v_GolfSwing_g16_c01.avi,36
GolfSwing/v_GolfSwing_g16_c02.avi,36
GolfSwing/v_GolfSwing_g16_c03.avi,36
GolfSwing/v_GolfSwing_g16_c04.avi,36
GolfSwing/v_GolfSwing_g17_c01.avi,36
GolfSwing/v_GolfSwing_g17_c02.avi,36
GolfSwing/v_GolfSwing_g17_c03.avi,36
GolfSwing/v_GolfSwing_g17_c04.avi,36
GolfSwing/v_GolfSwing_g17_c05.avi,36
GolfSwing/v_GolfSwing_g17_c06.avi,36
GolfSwing/v_GolfSwing_g17_c07.avi,36
GolfSwing/v_GolfSwing_g18_c01.avi,36
GolfSwing/v_GolfSwing_g18_c02.avi,36
GolfSwing/v_GolfSwing_g18_c03.avi,36
GolfSwing/v_GolfSwing_g18_c04.avi,36
GolfSwing/v_GolfSwing_g18_c05.avi,36
GolfSwing/v_GolfSwing_g18_c06.avi,36
GolfSwing/v_GolfSwing_g19_c01.avi,36
GolfSwing/v_GolfSwing_g19_c02.avi,36
GolfSwing/v_GolfSwing_g19_c03.avi,36
GolfSwing/v_GolfSwing_g19_c04.avi,36
GolfSwing/v_GolfSwing_g19_c05.avi,36
GolfSwing/v_GolfSwing_g19_c06.avi,36
GolfSwing/v_GolfSwing_g20_c01.avi,36
GolfSwing/v_GolfSwing_g20_c02.avi,36
GolfSwing/v_GolfSwing_g20_c03.avi,36
GolfSwing/v_GolfSwing_g20_c04.avi,36
GolfSwing/v_GolfSwing_g20_c05.avi,36
GolfSwing/v_GolfSwing_g20_c06.avi,36
GolfSwing/v_GolfSwing_g20_c07.avi,36
GolfSwing/v_GolfSwing_g21_c01.avi,36
GolfSwing/v_GolfSwing_g21_c02.avi,36
GolfSwing/v_GolfSwing_g21_c03.avi,36
GolfSwing/v_GolfSwing_g21_c04.avi,36
GolfSwing/v_GolfSwing_g21_c05.avi,36
GolfSwing/v_GolfSwing_g21_c06.avi,36
GolfSwing/v_GolfSwing_g22_c01.avi,36
GolfSwing/v_GolfSwing_g22_c02.avi,36
GolfSwing/v_GolfSwing_g22_c03.avi,36
GolfSwing/v_GolfSwing_g22_c04.avi,36
GolfSwing/v_GolfSwing_g22_c05.avi,36
GolfSwing/v_GolfSwing_g22_c06.avi,36
GolfSwing/v_GolfSwing_g23_c01.avi,36
GolfSwing/v_GolfSwing_g23_c02.avi,36
GolfSwing/v_GolfSwing_g23_c03.avi,36
GolfSwing/v_GolfSwing_g23_c04.avi,36
GolfSwing/v_GolfSwing_g23_c05.avi,36
GolfSwing/v_GolfSwing_g23_c06.avi,36
GolfSwing/v_GolfSwing_g23_c07.avi,36
GolfSwing/v_GolfSwing_g24_c01.avi,36
GolfSwing/v_GolfSwing_g24_c02.avi,36
GolfSwing/v_GolfSwing_g24_c03.avi,36
GolfSwing/v_GolfSwing_g24_c04.avi,36
GolfSwing/v_GolfSwing_g24_c05.avi,36
GolfSwing/v_GolfSwing_g24_c06.avi,36
GolfSwing/v_GolfSwing_g24_c07.avi,36
GolfSwing/v_GolfSwing_g25_c01.avi,36
GolfSwing/v_GolfSwing_g25_c02.avi,36
GolfSwing/v_GolfSwing_g25_c03.avi,36
GolfSwing/v_GolfSwing_g25_c04.avi,36
GolfSwing/v_GolfSwing_g25_c05.avi,36
GolfSwing/v_GolfSwing_g25_c06.avi,36
GolfSwing/v_GolfSwing_g25_c07.avi,36
JumpRope/v_JumpRope_g08_c01.avi,51
JumpRope/v_JumpRope_g08_c02.avi,51
JumpRope/v_JumpRope_g08_c03.avi,51
JumpRope/v_JumpRope_g08_c04.avi,51
JumpRope/v_JumpRope_g08_c05.avi,51
JumpRope/v_JumpRope_g08_c06.avi,51
JumpRope/v_JumpRope_g08_c07.avi,51
JumpRope/v_JumpRope_g09_c01.avi,51
JumpRope/v_JumpRope_g09_c02.avi,51
JumpRope/v_JumpRope_g09_c03.avi,51
JumpRope/v_JumpRope_g09_c04.avi,51
JumpRope/v_JumpRope_g09_c05.avi,51
JumpRope/v_JumpRope_g09_c06.avi,51
JumpRope/v_JumpRope_g09_c07.avi,51
JumpRope/v_JumpRope_g10_c01.avi,51
JumpRope/v_JumpRope_g10_c02.avi,51
JumpRope/v_JumpRope_g10_c03.avi,51
JumpRope/v_JumpRope_g10_c04.avi,51
JumpRope/v_JumpRope_g11_c01.avi,51
JumpRope/v_JumpRope_g11_c02.avi,51
JumpRope/v_JumpRope_g11_c03.avi,51
JumpRope/v_JumpRope_g11_c04.avi,51
JumpRope/v_JumpRope_g11_c05.avi,51
JumpRope/v_JumpRope_g11_c06.avi,51
JumpRope/v_JumpRope_g11_c07.avi,51
JumpRope/v_JumpRope_g12_c01.avi,51
JumpRope/v_JumpRope_g12_c02.avi,51
JumpRope/v_JumpRope_g12_c03.avi,51
JumpRope/v_JumpRope_g12_c04.avi,51
JumpRope/v_JumpRope_g12_c05.avi,51
JumpRope/v_JumpRope_g13_c01.avi,51
JumpRope/v_JumpRope_g13_c02.avi,51
JumpRope/v_JumpRope_g13_c03.avi,51
JumpRope/v_JumpRope_g13_c04.avi,51
JumpRope/v_JumpRope_g13_c05.avi,51
JumpRope/v_JumpRope_g14_c01.avi,51
JumpRope/v_JumpRope_g14_c02.avi,51
JumpRope/v_JumpRope_g14_c03.avi,51
JumpRope/v_JumpRope_g14_c04.avi,51
JumpRope/v_JumpRope_g15_c01.avi,51
JumpRope/v_JumpRope_g15_c02.avi,51
JumpRope/v_JumpRope_g15_c03.avi,51
JumpRope/v_JumpRope_g15_c04.avi,51
JumpRope/v_JumpRope_g15_c05.avi,51
JumpRope/v_JumpRope_g15_c06.avi,51
JumpRope/v_JumpRope_g16_c01.avi,51
JumpRope/v_JumpRope_g16_c02.avi,51
JumpRope/v_JumpRope_g16_c03.avi,51
JumpRope/v_JumpRope_g16_c04.avi,51
JumpRope/v_JumpRope_g16_c05.avi,51
JumpRope/v_JumpRope_g16_c06.avi,51
JumpRope/v_JumpRope_g16_c07.avi,51
JumpRope/v_JumpRope_g17_c01.avi,51
JumpRope/v_JumpRope_g17_c02.avi,51
JumpRope/v_JumpRope_g17_c03.avi,51
JumpRope/v_JumpRope_g17_c04.avi,51
JumpRope/v_JumpRope_g17_c05.avi,51
JumpRope/v_JumpRope_g18_c01.avi,51
JumpRope/v_JumpRope_g18_c02.avi,51
JumpRope/v_JumpRope_g18_c03.avi,51
JumpRope/v_JumpRope_g18_c04.avi,51
JumpRope/v_JumpRope_g18_c05.avi,51
JumpRope/v_JumpRope_g18_c06.avi,51
JumpRope/v_JumpRope_g18_c07.avi,51
JumpRope/v_JumpRope_g19_c01.avi,51
JumpRope/v_JumpRope_g19_c02.avi,51
JumpRope/v_JumpRope_g19_c03.avi,51
JumpRope/v_JumpRope_g19_c04.avi,51
JumpRope/v_JumpRope_g20_c01.avi,51
JumpRope/v_JumpRope_g20_c02.avi,51
JumpRope/v_JumpRope_g20_c03.avi,51
JumpRope/v_JumpRope_g20_c04.avi,51
JumpRope/v_JumpRope_g20_c05.avi,51
JumpRope/v_JumpRope_g20_c06.avi,51
JumpRope/v_JumpRope_g20_c07.avi,51
JumpRope/v_JumpRope_g21_c01.avi,51
JumpRope/v_JumpRope_g21_c02.avi,51
JumpRope/v_JumpRope_g21_c03.avi,51
JumpRope/v_JumpRope_g21_c04.avi,51
JumpRope/v_JumpRope_g21_c05.avi,51
JumpRope/v_JumpRope_g21_c06.avi,51
JumpRope/v_JumpRope_g21_c07.avi,51
JumpRope/v_JumpRope_g22_c01.avi,51
JumpRope/v_JumpRope_g22_c02.avi,51
JumpRope/v_JumpRope_g22_c03.avi,51
JumpRope/v_JumpRope_g22_c04.avi,51
JumpRope/v_JumpRope_g22_c05.avi,51
JumpRope/v_JumpRope_g22_c06.avi,51
JumpRope/v_JumpRope_g23_c01.avi,51
JumpRope/v_JumpRope_g23_c02.avi,51
JumpRope/v_JumpRope_g23_c03.avi,51
JumpRope/v_JumpRope_g23_c04.avi,51
JumpRope/v_JumpRope_g23_c05.avi,51
JumpRope/v_JumpRope_g24_c01.avi,51
JumpRope/v_JumpRope_g24_c02.avi,51
JumpRope/v_JumpRope_g24_c03.avi,51
JumpRope/v_JumpRope_g24_c04.avi,51
JumpRope/v_JumpRope_g24_c05.avi,51
JumpRope/v_JumpRope_g24_c06.avi,51
JumpRope/v_JumpRope_g24_c07.avi,51
JumpRope/v_JumpRope_g25_c01.avi,51
JumpRope/v_JumpRope_g25_c02.avi,51
JumpRope/v_JumpRope_g25_c03.avi,51
JumpRope/v_JumpRope_g25_c04.avi,51
JumpRope/v_JumpRope_g25_c05.avi,51
JumpRope/v_JumpRope_g25_c06.avi,51
PullUps/v_PullUps_g08_c01.avi,60
PullUps/v_PullUps_g08_c02.avi,60
PullUps/v_PullUps_g08_c03.avi,60
PullUps/v_PullUps_g08_c04.avi,60
PullUps/v_PullUps_g09_c01.avi,60
PullUps/v_PullUps_g09_c02.avi,60
PullUps/v_PullUps_g09_c03.avi,60
PullUps/v_PullUps_g09_c04.avi,60
PullUps/v_PullUps_g10_c01.avi,60
PullUps/v_PullUps_g10_c02.avi,60
PullUps/v_PullUps_g10_c03.avi,60
PullUps/v_PullUps_g10_c04.avi,60
PullUps/v_PullUps_g11_c01.avi,60
PullUps/v_PullUps_g11_c02.avi,60
PullUps/v_PullUps_g11_c03.avi,60
PullUps/v_PullUps_g11_c04.avi,60
PullUps/v_PullUps_g12_c01.avi,60
PullUps/v_PullUps_g12_c02.avi,60
PullUps/v_PullUps_g12_c03.avi,60
PullUps/v_PullUps_g12_c04.avi,60
PullUps/v_PullUps_g13_c01.avi,60
PullUps/v_PullUps_g13_c02.avi,60
PullUps/v_PullUps_g13_c03.avi,60
PullUps/v_PullUps_g13_c04.avi,60
PullUps/v_PullUps_g14_c01.avi,60
PullUps/v_PullUps_g14_c02.avi,60
PullUps/v_PullUps_g14_c03.avi,60
PullUps/v_PullUps_g14_c04.avi,60
PullUps/v_PullUps_g15_c01.avi,60
PullUps/v_PullUps_g15_c02.avi,60
PullUps/v_PullUps_g15_c03.avi,60
PullUps/v_PullUps_g15_c04.avi,60
PullUps/v_PullUps_g16_c01.avi,60
PullUps/v_PullUps_g16_c02.avi,60
PullUps/v_PullUps_g16_c03.avi,60
PullUps/v_PullUps_g16_c04.avi,60
PullUps/v_PullUps_g17_c01.avi,60
PullUps/v_PullUps_g17_c02.avi,60
PullUps/v_PullUps_g17_c03.avi,60
PullUps/v_PullUps_g17_c04.avi,60
PullUps/v_PullUps_g18_c01.avi,60
PullUps/v_PullUps_g18_c02.avi,60
PullUps/v_PullUps_g18_c03.avi,60
PullUps/v_PullUps_g18_c04.avi,60
PullUps/v_PullUps_g19_c01.avi,60
PullUps/v_PullUps_g19_c02.avi,60
PullUps/v_PullUps_g19_c03.avi,60
PullUps/v_PullUps_g19_c04.avi,60
PullUps/v_PullUps_g20_c01.avi,60
PullUps/v_PullUps_g20_c02.avi,60
PullUps/v_PullUps_g20_c03.avi,60
PullUps/v_PullUps_g20_c04.avi,60
PullUps/v_PullUps_g21_c01.avi,60
PullUps/v_PullUps_g21_c02.avi,60
PullUps/v_PullUps_g21_c03.avi,60
PullUps/v_PullUps_g21_c04.avi,60
PullUps/v_PullUps_g22_c01.avi,60
PullUps/v_PullUps_g22_c02.avi,60
PullUps/v_PullUps_g22_c03.avi,60
PullUps/v_PullUps_g22_c04.avi,60
PullUps/v_PullUps_g23_c01.avi,60
PullUps/v_PullUps_g23_c02.avi,60
PullUps/v_PullUps_g23_c03.avi,60
PullUps/v_PullUps_g23_c04.avi,60
PullUps/v_PullUps_g24_c01.avi,60
PullUps/v_PullUps_g24_c02.avi,60
PullUps/v_PullUps_g24_c03.avi,60
PullUps/v_PullUps_g24_c04.avi,60
PullUps/v_PullUps_g25_c01.avi,60
PullUps/v_PullUps_g25_c02.avi,60
PullUps/v_PullUps_g25_c03.avi,60
PullUps/v_PullUps_g25_c04.avi,60
Lunges/v_Lunges_g08_c01.avi,38
Lunges/v_Lunges_g08_c02.avi,38
Lunges/v_Lunges_g08_c03.avi,38
Lunges/v_Lunges_g08_c04.avi,38
Lunges/v_Lunges_g09_c01.avi,38
Lunges/v_Lunges_g09_c02.avi,38
Lunges/v_Lunges_g09_c03.avi,38
Lunges/v_Lunges_g09_c04.avi,38
Lunges/v_Lunges_g10_c01.avi,38
Lunges/v_Lunges_g10_c02.avi,38
Lunges/v_Lunges_g10_c03.avi,38
Lunges/v_Lunges_g10_c04.avi,38
Lunges/v_Lunges_g10_c05.avi,38
Lunges/v_Lunges_g10_c06.avi,38
Lunges/v_Lunges_g11_c01.avi,38
Lunges/v_Lunges_g11_c02.avi,38
Lunges/v_Lunges_g11_c03.avi,38
Lunges/v_Lunges_g11_c04.avi,38
Lunges/v_Lunges_g11_c05.avi,38
Lunges/v_Lunges_g11_c06.avi,38
Lunges/v_Lunges_g11_c07.avi,38
Lunges/v_Lunges_g12_c01.avi,38
Lunges/v_Lunges_g12_c02.avi,38
Lunges/v_Lunges_g12_c03.avi,38
Lunges/v_Lunges_g12_c04.avi,38
Lunges/v_Lunges_g12_c05.avi,38
Lunges/v_Lunges_g13_c01.avi,38
Lunges/v_Lunges_g13_c02.avi,38
Lunges/v_Lunges_g13_c03.avi,38
Lunges/v_Lunges_g13_c04.avi,38
Lunges/v_Lunges_g13_c05.avi,38
Lunges/v_Lunges_g13_c06.avi,38
Lunges/v_Lunges_g14_c01.avi,38
Lunges/v_Lunges_g14_c02.avi,38
Lunges/v_Lunges_g14_c03.avi,38
Lunges/v_Lunges_g14_c04.avi,38
Lunges/v_Lunges_g14_c05.avi,38
Lunges/v_Lunges_g14_c06.avi,38
Lunges/v_Lunges_g14_c07.avi,38
Lunges/v_Lunges_g15_c01.avi,38
Lunges/v_Lunges_g15_c02.avi,38
Lunges/v_Lunges_g15_c03.avi,38
Lunges/v_Lunges_g15_c04.avi,38
Lunges/v_Lunges_g16_c01.avi,38
Lunges/v_Lunges_g16_c02.avi,38
Lunges/v_Lunges_g16_c03.avi,38
Lunges/v_Lunges_g16_c04.avi,38
Lunges/v_Lunges_g17_c01.avi,38
Lunges/v_Lunges_g17_c02.avi,38
Lunges/v_Lunges_g17_c03.avi,38
Lunges/v_Lunges_g17_c04.avi,38
Lunges/v_Lunges_g18_c01.avi,38
Lunges/v_Lunges_g18_c02.avi,38
Lunges/v_Lunges_g18_c03.avi,38
Lunges/v_Lunges_g18_c04.avi,38
Lunges/v_Lunges_g18_c05.avi,38
Lunges/v_Lunges_g19_c01.avi,38
Lunges/v_Lunges_g19_c02.avi,38
Lunges/v_Lunges_g19_c03.avi,38
Lunges/v_Lunges_g19_c04.avi,38
Lunges/v_Lunges_g19_c05.avi,38
Lunges/v_Lunges_g19_c06.avi,38
Lunges/v_Lunges_g19_c07.avi,38
Lunges/v_Lunges_g20_c01.avi,38
Lunges/v_Lunges_g20_c02.avi,38
Lunges/v_Lunges_g20_c03.avi,38
Lunges/v_Lunges_g20_c04.avi,38
Lunges/v_Lunges_g21_c01.avi,38
Lunges/v_Lunges_g21_c02.avi,38
Lunges/v_Lunges_g21_c03.avi,38
Lunges/v_Lunges_g21_c04.avi,38
Lunges/v_Lunges_g21_c05.avi,38
Lunges/v_Lunges_g22_c01.avi,38
Lunges/v_Lunges_g22_c02.avi,38
Lunges/v_Lunges_g22_c03.avi,38
Lunges/v_Lunges_g22_c04.avi,38
Lunges/v_Lunges_g23_c01.avi,38
Lunges/v_Lunges_g23_c02.avi,38
Lunges/v_Lunges_g23_c03.avi,38
Lunges/v_Lunges_g23_c04.avi,38
Lunges/v_Lunges_g23_c05.avi,38
Lunges/v_Lunges_g23_c06.avi,38
Lunges/v_Lunges_g24_c01.avi,38
Lunges/v_Lunges_g24_c02.avi,38
Lunges/v_Lunges_g24_c03.avi,38
Lunges/v_Lunges_g24_c04.avi,38
Lunges/v_Lunges_g25_c01.avi,38
Lunges/v_Lunges_g25_c02.avi,38
Lunges/v_Lunges_g25_c03.avi,38
Lunges/v_Lunges_g25_c04.avi,38
BoxingPunchingBag/v_BoxingPunchingBag_g08_c01.avi,61
BoxingPunchingBag/v_BoxingPunchingBag_g08_c02.avi,61
BoxingPunchingBag/v_BoxingPunchingBag_g08_c03.avi,61
BoxingPunchingBag/v_BoxingPunchingBag_g08_c04.avi,61
BoxingPunchingBag/v_BoxingPunchingBag_g08_c05.avi,61
BoxingPunchingBag/v_BoxingPunchingBag_g08_c06.avi,61
BoxingPunchingBag/v_BoxingPunchingBag_g08_c07.avi,61
BoxingPunchingBag/v_BoxingPunchingBag_g09_c01.avi,61
BoxingPunchingBag/v_BoxingPunchingBag_g09_c02.avi,61
BoxingPunchingBag/v_BoxingPunchingBag_g09_c03.avi,61
BoxingPunchingBag/v_BoxingPunchingBag_g09_c04.avi,61
BoxingPunchingBag/v_BoxingPunchingBag_g09_c05.avi,61
BoxingPunchingBag/v_BoxingPunchingBag_g09_c06.avi,61
BoxingPunchingBag/v_BoxingPunchingBag_g09_c07.avi,61
BoxingPunchingBag/v_BoxingPunchingBag_g10_c01.avi,61
BoxingPunchingBag/v_BoxingPunchingBag_g10_c02.avi,61
BoxingPunchingBag/v_BoxingPunchingBag_g10_c03.avi,61
BoxingPunchingBag/v_BoxingPunchingBag_g10_c04.avi,61
BoxingPunchingBag/v_BoxingPunchingBag_g11_c01.avi,61
BoxingPunchingBag/v_BoxingPunchingBag_g11_c02.avi,61
BoxingPunchingBag/v_BoxingPunchingBag_g11_c03.avi,61
BoxingPunchingBag/v_BoxingPunchingBag_g11_c04.avi,61
BoxingPunchingBag/v_BoxingPunchingBag_g11_c05.avi,61
BoxingPunchingBag/v_BoxingPunchingBag_g12_c01.avi,61
BoxingPunchingBag/v_BoxingPunchingBag_g12_c02.avi,61
BoxingPunchingBag/v_BoxingPunchingBag_g12_c03.avi,61
BoxingPunchingBag/v_BoxingPunchingBag_g12_c04.avi,61
BoxingPunchingBag/v_BoxingPunchingBag_g12_c05.avi,61
BoxingPunchingBag/v_BoxingPunchingBag_g12_c06.avi,61
BoxingPunchingBag/v_BoxingPunchingBag_g12_c07.avi,61
BoxingPunchingBag/v_BoxingPunchingBag_g13_c01.avi,61
BoxingPunchingBag/v_BoxingPunchingBag_g13_c02.avi,61
BoxingPunchingBag/v_BoxingPunchingBag_g13_c03.avi,61
BoxingPunchingBag/v_BoxingPunchingBag_g13_c04.avi,61
BoxingPunchingBag/v_BoxingPunchingBag_g14_c01.avi,61
BoxingPunchingBag/v_BoxingPunchingBag_g14_c02.avi,61
BoxingPunchingBag/v_BoxingPunchingBag_g14_c03.avi,61
BoxingPunchingBag/v_BoxingPunchingBag_g14_c04.avi,61
BoxingPunchingBag/v_BoxingPunchingBag_g14_c05.avi,61
BoxingPunchingBag/v_BoxingPunchingBag_g14_c06.avi,61
BoxingPunchingBag/v_BoxingPunchingBag_g14_c07.avi,61
BoxingPunchingBag/v_BoxingPunchingBag_g15_c01.avi,61
BoxingPunchingBag/v_BoxingPunchingBag_g15_c02.avi,61
BoxingPunchingBag/v_BoxingPunchingBag_g15_c03.avi,61
BoxingPunchingBag/v_BoxingPunchingBag_g15_c04.avi,61
BoxingPunchingBag/v_BoxingPunchingBag_g15_c05.avi,61
BoxingPunchingBag/v_BoxingPunchingBag_g15_c06.avi,61
BoxingPunchingBag/v_BoxingPunchingBag_g15_c07.avi,61
BoxingPunchingBag/v_BoxingPunchingBag_g16_c01.avi,61
BoxingPunchingBag/v_BoxingPunchingBag_g16_c02.avi,61
BoxingPunchingBag/v_BoxingPunchingBag_g16_c03.avi,61
BoxingPunchingBag/v_BoxingPunchingBag_g16_c04.avi,61
BoxingPunchingBag/v_BoxingPunchingBag_g16_c05.avi,61
BoxingPunchingBag/v_BoxingPunchingBag_g16_c06.avi,61
BoxingPunchingBag/v_BoxingPunchingBag_g16_c07.avi,61
BoxingPunchingBag/v_BoxingPunchingBag_g17_c01.avi,61
BoxingPunchingBag/v_BoxingPunchingBag_g17_c02.avi,61
BoxingPunchingBag/v_BoxingPunchingBag_g17_c03.avi,61
BoxingPunchingBag/v_BoxingPunchingBag_g17_c04.avi,61
BoxingPunchingBag/v_BoxingPunchingBag_g18_c01.avi,61
BoxingPunchingBag/v_BoxingPunchingBag_g18_c02.avi,61
BoxingPunchingBag/v_BoxingPunchingBag_g18_c03.avi,61
BoxingPunchingBag/v_BoxingPunchingBag_g18_c04.avi,61
BoxingPunchingBag/v_BoxingPunchingBag_g18_c05.avi,61
BoxingPunchingBag/v_BoxingPunchingBag_g18_c06.avi,61
BoxingPunchingBag/v_BoxingPunchingBag_g19_c01.avi,61
BoxingPunchingBag/v_BoxingPunchingBag_g19_c02.avi,61
BoxingPunchingBag/v_BoxingPunchingBag_g19_c03.avi,61
BoxingPunchingBag/v_BoxingPunchingBag_g19_c04.avi,61
BoxingPunchingBag/v_BoxingPunchingBag_g19_c05.avi,61
BoxingPunchingBag/v_BoxingPunchingBag_g19_c06.avi,61
BoxingPunchingBag/v_BoxingPunchingBag_g19_c07.avi,61
BoxingPunchingBag/v_BoxingPunchingBag_g20_c01.avi,61
BoxingPunchingBag/v_BoxingPunchingBag_g20_c02.avi,61
BoxingPunchingBag/v_BoxingPunchingBag_g20_c03.avi,61
BoxingPunchingBag/v_BoxingPunchingBag_g20_c04.avi,61
BoxingPunchingBag/v_BoxingPunchingBag_g20_c05.avi,61
BoxingPunchingBag/v_BoxingPunchingBag_g20_c06.avi,61
BoxingPunchingBag/v_BoxingPunchingBag_g20_c07.avi,61
BoxingPunchingBag/v_BoxingPunchingBag_g21_c01.avi,61
BoxingPunchingBag/v_BoxingPunchingBag_g21_c02.avi,61
BoxingPunchingBag/v_BoxingPunchingBag_g21_c03.avi,61
BoxingPunchingBag/v_BoxingPunchingBag_g21_c04.avi,61
BoxingPunchingBag/v_BoxingPunchingBag_g21_c05.avi,61
BoxingPunchingBag/v_BoxingPunchingBag_g21_c06.avi,61
BoxingPunchingBag/v_BoxingPunchingBag_g21_c07.avi,61
BoxingPunchingBag/v_BoxingPunchingBag_g22_c01.avi,61
BoxingPunchingBag/v_BoxingPunchingBag_g22_c02.avi,61
BoxingPunchingBag/v_BoxingPunchingBag_g22_c03.avi,61
BoxingPunchingBag/v_BoxingPunchingBag_g22_c04.avi,61
BoxingPunchingBag/v_BoxingPunchingBag_g22_c05.avi,61
BoxingPunchingBag/v_BoxingPunchingBag_g22_c06.avi,61
BoxingPunchingBag/v_BoxingPunchingBag_g22_c07.avi,61
BoxingPunchingBag/v_BoxingPunchingBag_g23_c01.avi,61
BoxingPunchingBag/v_BoxingPunchingBag_g23_c02.avi,61
BoxingPunchingBag/v_BoxingPunchingBag_g23_c03.avi,61
BoxingPunchingBag/v_BoxingPunchingBag_g23_c04.avi,61
BoxingPunchingBag/v_BoxingPunchingBag_g23_c05.avi,61
BoxingPunchingBag/v_BoxingPunchingBag_g23_c06.avi,61
BoxingPunchingBag/v_BoxingPunchingBag_g23_c07.avi,61
BoxingPunchingBag/v_BoxingPunchingBag_g24_c01.avi,61
BoxingPunchingBag/v_BoxingPunchingBag_g24_c02.avi,61
BoxingPunchingBag/v_BoxingPunchingBag_g24_c03.avi,61
BoxingPunchingBag/v_BoxingPunchingBag_g24_c04.avi,61
BoxingPunchingBag/v_BoxingPunchingBag_g24_c05.avi,61
BoxingPunchingBag/v_BoxingPunchingBag_g24_c06.avi,61
BoxingPunchingBag/v_BoxingPunchingBag_g24_c07.avi,61
BoxingPunchingBag/v_BoxingPunchingBag_g25_c01.avi,61
BoxingPunchingBag/v_BoxingPunchingBag_g25_c02.avi,61
BoxingPunchingBag/v_BoxingPunchingBag_g25_c03.avi,61
BoxingPunchingBag/v_BoxingPunchingBag_g25_c04.avi,61
BoxingPunchingBag/v_BoxingPunchingBag_g25_c05.avi,61
BoxingPunchingBag/v_BoxingPunchingBag_g25_c06.avi,61
BoxingPunchingBag/v_BoxingPunchingBag_g25_c07.avi,61
PushUps/v_PushUps_g08_c01.avi,62
PushUps/v_PushUps_g08_c02.avi,62
PushUps/v_PushUps_g08_c03.avi,62
PushUps/v_PushUps_g08_c04.avi,62
PushUps/v_PushUps_g09_c01.avi,62
PushUps/v_PushUps_g09_c02.avi,62
PushUps/v_PushUps_g09_c03.avi,62
PushUps/v_PushUps_g09_c04.avi,62
PushUps/v_PushUps_g10_c01.avi,62
PushUps/v_PushUps_g10_c02.avi,62
PushUps/v_PushUps_g10_c03.avi,62
PushUps/v_PushUps_g10_c04.avi,62
PushUps/v_PushUps_g11_c01.avi,62
PushUps/v_PushUps_g11_c02.avi,62
PushUps/v_PushUps_g11_c03.avi,62
PushUps/v_PushUps_g11_c04.avi,62
PushUps/v_PushUps_g12_c01.avi,62
PushUps/v_PushUps_g12_c02.avi,62
PushUps/v_PushUps_g12_c03.avi,62
PushUps/v_PushUps_g12_c04.avi,62
PushUps/v_PushUps_g13_c01.avi,62
PushUps/v_PushUps_g13_c02.avi,62
PushUps/v_PushUps_g13_c03.avi,62
PushUps/v_PushUps_g13_c04.avi,62
PushUps/v_PushUps_g14_c01.avi,62
PushUps/v_PushUps_g14_c02.avi,62
PushUps/v_PushUps_g14_c03.avi,62
PushUps/v_PushUps_g14_c04.avi,62
PushUps/v_PushUps_g15_c01.avi,62
PushUps/v_PushUps_g15_c02.avi,62
PushUps/v_PushUps_g15_c03.avi,62
PushUps/v_PushUps_g15_c04.avi,62
PushUps/v_PushUps_g16_c01.avi,62
PushUps/v_PushUps_g16_c02.avi,62
PushUps/v_PushUps_g16_c03.avi,62
PushUps/v_PushUps_g16_c04.avi,62
PushUps/v_PushUps_g17_c01.avi,62
PushUps/v_PushUps_g17_c02.avi,62
PushUps/v_PushUps_g17_c03.avi,62
PushUps/v_PushUps_g17_c04.avi,62
PushUps/v_PushUps_g18_c01.avi,62
PushUps/v_PushUps_g18_c02.avi,62
PushUps/v_PushUps_g18_c03.avi,62
PushUps/v_PushUps_g18_c04.avi,62
PushUps/v_PushUps_g19_c01.avi,62
PushUps/v_PushUps_g19_c02.avi,62
PushUps/v_PushUps_g19_c03.avi,62
PushUps/v_PushUps_g19_c04.avi,62
PushUps/v_PushUps_g20_c01.avi,62
PushUps/v_PushUps_g20_c02.avi,62
PushUps/v_PushUps_g20_c03.avi,62
PushUps/v_PushUps_g20_c04.avi,62
PushUps/v_PushUps_g21_c01.avi,62
PushUps/v_PushUps_g21_c02.avi,62
PushUps/v_PushUps_g21_c03.avi,62
PushUps/v_PushUps_g21_c04.avi,62
PushUps/v_PushUps_g22_c01.avi,62
PushUps/v_PushUps_g22_c02.avi,62
PushUps/v_PushUps_g22_c03.avi,62
PushUps/v_PushUps_g22_c04.avi,62
PushUps/v_PushUps_g23_c01.avi,62
PushUps/v_PushUps_g23_c02.avi,62
PushUps/v_PushUps_g23_c03.avi,62
PushUps/v_PushUps_g23_c04.avi,62
PushUps/v_PushUps_g24_c01.avi,62
PushUps/v_PushUps_g24_c02.avi,62
PushUps/v_PushUps_g24_c03.avi,62
PushUps/v_PushUps_g24_c04.avi,62
PushUps/v_PushUps_g25_c01.avi,62
PushUps/v_PushUps_g25_c02.avi,62
PushUps/v_PushUps_g25_c03.avi,62
PushUps/v_PushUps_g25_c04.avi,62
HandstandPushups/v_HandStandPushups_g08_c01.avi,46
HandstandPushups/v_HandStandPushups_g08_c02.avi,46
HandstandPushups/v_HandStandPushups_g08_c03.avi,46
HandstandPushups/v_HandStandPushups_g08_c04.avi,46
HandstandPushups/v_HandStandPushups_g08_c05.avi,46
HandstandPushups/v_HandStandPushups_g09_c01.avi,46
HandstandPushups/v_HandStandPushups_g09_c02.avi,46
HandstandPushups/v_HandStandPushups_g09_c03.avi,46
HandstandPushups/v_HandStandPushups_g09_c04.avi,46
HandstandPushups/v_HandStandPushups_g10_c01.avi,46
HandstandPushups/v_HandStandPushups_g10_c02.avi,46
HandstandPushups/v_HandStandPushups_g10_c03.avi,46
HandstandPushups/v_HandStandPushups_g10_c04.avi,46
HandstandPushups/v_HandStandPushups_g11_c01.avi,46
HandstandPushups/v_HandStandPushups_g11_c02.avi,46
HandstandPushups/v_HandStandPushups_g11_c03.avi,46
HandstandPushups/v_HandStandPushups_g11_c04.avi,46
HandstandPushups/v_HandStandPushups_g11_c05.avi,46
HandstandPushups/v_HandStandPushups_g11_c06.avi,46
HandstandPushups/v_HandStandPushups_g12_c01.avi,46
HandstandPushups/v_HandStandPushups_g12_c02.avi,46
HandstandPushups/v_HandStandPushups_g12_c03.avi,46
HandstandPushups/v_HandStandPushups_g12_c04.avi,46
HandstandPushups/v_HandStandPushups_g12_c05.avi,46
HandstandPushups/v_HandStandPushups_g12_c06.avi,46
HandstandPushups/v_HandStandPushups_g12_c07.avi,46
HandstandPushups/v_HandStandPushups_g13_c01.avi,46
HandstandPushups/v_HandStandPushups_g13_c02.avi,46
HandstandPushups/v_HandStandPushups_g13_c03.avi,46
HandstandPushups/v_HandStandPushups_g13_c04.avi,46
HandstandPushups/v_HandStandPushups_g13_c05.avi,46
HandstandPushups/v_HandStandPushups_g13_c06.avi,46
HandstandPushups/v_HandStandPushups_g13_c07.avi,46
HandstandPushups/v_HandStandPushups_g14_c01.avi,46
HandstandPushups/v_HandStandPushups_g14_c02.avi,46
HandstandPushups/v_HandStandPushups_g14_c03.avi,46
HandstandPushups/v_HandStandPushups_g14_c04.avi,46
HandstandPushups/v_HandStandPushups_g15_c01.avi,46
HandstandPushups/v_HandStandPushups_g15_c02.avi,46
HandstandPushups/v_HandStandPushups_g15_c03.avi,46
HandstandPushups/v_HandStandPushups_g15_c04.avi,46
HandstandPushups/v_HandStandPushups_g15_c05.avi,46
HandstandPushups/v_HandStandPushups_g15_c06.avi,46
HandstandPushups/v_HandStandPushups_g16_c01.avi,46
HandstandPushups/v_HandStandPushups_g16_c02.avi,46
HandstandPushups/v_HandStandPushups_g16_c03.avi,46
HandstandPushups/v_HandStandPushups_g16_c04.avi,46
HandstandPushups/v_HandStandPushups_g16_c05.avi,46
HandstandPushups/v_HandStandPushups_g16_c06.avi,46
HandstandPushups/v_HandStandPushups_g16_c07.avi,46
HandstandPushups/v_HandStandPushups_g17_c01.avi,46
HandstandPushups/v_HandStandPushups_g17_c02.avi,46
HandstandPushups/v_HandStandPushups_g17_c03.avi,46
HandstandPushups/v_HandStandPushups_g17_c04.avi,46
HandstandPushups/v_HandStandPushups_g17_c05.avi,46
HandstandPushups/v_HandStandPushups_g18_c01.avi,46
HandstandPushups/v_HandStandPushups_g18_c02.avi,46
HandstandPushups/v_HandStandPushups_g18_c03.avi,46
HandstandPushups/v_HandStandPushups_g18_c04.avi,46
HandstandPushups/v_HandStandPushups_g18_c05.avi,46
HandstandPushups/v_HandStandPushups_g18_c06.avi,46
HandstandPushups/v_HandStandPushups_g18_c07.avi,46
HandstandPushups/v_HandStandPushups_g19_c01.avi,46
HandstandPushups/v_HandStandPushups_g19_c02.avi,46
HandstandPushups/v_HandStandPushups_g19_c03.avi,46
HandstandPushups/v_HandStandPushups_g19_c04.avi,46
HandstandPushups/v_HandStandPushups_g20_c01.avi,46
HandstandPushups/v_HandStandPushups_g20_c02.avi,46
HandstandPushups/v_HandStandPushups_g20_c03.avi,46
HandstandPushups/v_HandStandPushups_g20_c04.avi,46
HandstandPushups/v_HandStandPushups_g20_c05.avi,46
HandstandPushups/v_HandStandPushups_g20_c06.avi,46
HandstandPushups/v_HandStandPushups_g20_c07.avi,46
HandstandPushups/v_HandStandPushups_g21_c01.avi,46
HandstandPushups/v_HandStandPushups_g21_c02.avi,46
HandstandPushups/v_HandStandPushups_g21_c03.avi,46
HandstandPushups/v_HandStandPushups_g21_c04.avi,46
HandstandPushups/v_HandStandPushups_g21_c05.avi,46
HandstandPushups/v_HandStandPushups_g21_c06.avi,46
HandstandPushups/v_HandStandPushups_g22_c01.avi,46
HandstandPushups/v_HandStandPushups_g22_c02.avi,46
HandstandPushups/v_HandStandPushups_g22_c03.avi,46
HandstandPushups/v_HandStandPushups_g22_c04.avi,46
HandstandPushups/v_HandStandPushups_g22_c05.avi,46
HandstandPushups/v_HandStandPushups_g23_c01.avi,46
HandstandPushups/v_HandStandPushups_g23_c02.avi,46
HandstandPushups/v_HandStandPushups_g23_c03.avi,46
HandstandPushups/v_HandStandPushups_g23_c04.avi,46
HandstandPushups/v_HandStandPushups_g23_c05.avi,46
HandstandPushups/v_HandStandPushups_g24_c01.avi,46
HandstandPushups/v_HandStandPushups_g24_c02.avi,46
HandstandPushups/v_HandStandPushups_g24_c03.avi,46
HandstandPushups/v_HandStandPushups_g24_c04.avi,46
HandstandPushups/v_HandStandPushups_g25_c01.avi,46
HandstandPushups/v_HandStandPushups_g25_c02.avi,46
HandstandPushups/v_HandStandPushups_g25_c03.avi,46
HandstandPushups/v_HandStandPushups_g25_c04.avi,46
HandstandPushups/v_HandStandPushups_g25_c05.avi,46
HandstandPushups/v_HandStandPushups_g25_c06.avi,46
HandstandPushups/v_HandStandPushups_g25_c07.avi,46
FrisbeeCatch/v_FrisbeeCatch_g08_c01.avi,33
FrisbeeCatch/v_FrisbeeCatch_g08_c02.avi,33
FrisbeeCatch/v_FrisbeeCatch_g08_c03.avi,33
FrisbeeCatch/v_FrisbeeCatch_g08_c04.avi,33
FrisbeeCatch/v_FrisbeeCatch_g08_c05.avi,33
FrisbeeCatch/v_FrisbeeCatch_g09_c01.avi,33
FrisbeeCatch/v_FrisbeeCatch_g09_c02.avi,33
FrisbeeCatch/v_FrisbeeCatch_g09_c03.avi,33
FrisbeeCatch/v_FrisbeeCatch_g09_c04.avi,33
FrisbeeCatch/v_FrisbeeCatch_g09_c05.avi,33
FrisbeeCatch/v_FrisbeeCatch_g10_c01.avi,33
FrisbeeCatch/v_FrisbeeCatch_g10_c02.avi,33
FrisbeeCatch/v_FrisbeeCatch_g10_c03.avi,33
FrisbeeCatch/v_FrisbeeCatch_g10_c04.avi,33
FrisbeeCatch/v_FrisbeeCatch_g10_c05.avi,33
FrisbeeCatch/v_FrisbeeCatch_g10_c06.avi,33
FrisbeeCatch/v_FrisbeeCatch_g11_c01.avi,33
FrisbeeCatch/v_FrisbeeCatch_g11_c02.avi,33
FrisbeeCatch/v_FrisbeeCatch_g11_c03.avi,33
FrisbeeCatch/v_FrisbeeCatch_g11_c04.avi,33
FrisbeeCatch/v_FrisbeeCatch_g12_c01.avi,33
FrisbeeCatch/v_FrisbeeCatch_g12_c02.avi,33
FrisbeeCatch/v_FrisbeeCatch_g12_c03.avi,33
FrisbeeCatch/v_FrisbeeCatch_g12_c04.avi,33
FrisbeeCatch/v_FrisbeeCatch_g12_c05.avi,33
FrisbeeCatch/v_FrisbeeCatch_g13_c01.avi,33
FrisbeeCatch/v_FrisbeeCatch_g13_c02.avi,33
FrisbeeCatch/v_FrisbeeCatch_g13_c03.avi,33
FrisbeeCatch/v_FrisbeeCatch_g13_c04.avi,33
FrisbeeCatch/v_FrisbeeCatch_g14_c01.avi,33
FrisbeeCatch/v_FrisbeeCatch_g14_c02.avi,33
FrisbeeCatch/v_FrisbeeCatch_g14_c03.avi,33
FrisbeeCatch/v_FrisbeeCatch_g14_c04.avi,33
FrisbeeCatch/v_FrisbeeCatch_g14_c05.avi,33
FrisbeeCatch/v_FrisbeeCatch_g15_c01.avi,33
FrisbeeCatch/v_FrisbeeCatch_g15_c02.avi,33
FrisbeeCatch/v_FrisbeeCatch_g15_c03.avi,33
FrisbeeCatch/v_FrisbeeCatch_g15_c04.avi,33
FrisbeeCatch/v_FrisbeeCatch_g16_c01.avi,33
FrisbeeCatch/v_FrisbeeCatch_g16_c02.avi,33
FrisbeeCatch/v_FrisbeeCatch_g16_c03.avi,33
FrisbeeCatch/v_FrisbeeCatch_g16_c04.avi,33
FrisbeeCatch/v_FrisbeeCatch_g16_c05.avi,33
FrisbeeCatch/v_FrisbeeCatch_g16_c06.avi,33
FrisbeeCatch/v_FrisbeeCatch_g17_c01.avi,33
FrisbeeCatch/v_FrisbeeCatch_g17_c02.avi,33
FrisbeeCatch/v_FrisbeeCatch_g17_c03.avi,33
FrisbeeCatch/v_FrisbeeCatch_g17_c04.avi,33
FrisbeeCatch/v_FrisbeeCatch_g17_c05.avi,33
FrisbeeCatch/v_FrisbeeCatch_g18_c01.avi,33
FrisbeeCatch/v_FrisbeeCatch_g18_c02.avi,33
FrisbeeCatch/v_FrisbeeCatch_g18_c03.avi,33
FrisbeeCatch/v_FrisbeeCatch_g18_c04.avi,33
FrisbeeCatch/v_FrisbeeCatch_g18_c05.avi,33
FrisbeeCatch/v_FrisbeeCatch_g19_c01.avi,33
FrisbeeCatch/v_FrisbeeCatch_g19_c02.avi,33
FrisbeeCatch/v_FrisbeeCatch_g19_c03.avi,33
FrisbeeCatch/v_FrisbeeCatch_g19_c04.avi,33
FrisbeeCatch/v_FrisbeeCatch_g19_c05.avi,33
FrisbeeCatch/v_FrisbeeCatch_g19_c06.avi,33
FrisbeeCatch/v_FrisbeeCatch_g20_c01.avi,33
FrisbeeCatch/v_FrisbeeCatch_g20_c02.avi,33
FrisbeeCatch/v_FrisbeeCatch_g20_c03.avi,33
FrisbeeCatch/v_FrisbeeCatch_g20_c04.avi,33
FrisbeeCatch/v_FrisbeeCatch_g20_c05.avi,33
FrisbeeCatch/v_FrisbeeCatch_g20_c06.avi,33
FrisbeeCatch/v_FrisbeeCatch_g21_c01.avi,33
FrisbeeCatch/v_FrisbeeCatch_g21_c02.avi,33
FrisbeeCatch/v_FrisbeeCatch_g21_c03.avi,33
FrisbeeCatch/v_FrisbeeCatch_g21_c04.avi,33
FrisbeeCatch/v_FrisbeeCatch_g21_c05.avi,33
FrisbeeCatch/v_FrisbeeCatch_g22_c01.avi,33
FrisbeeCatch/v_FrisbeeCatch_g22_c02.avi,33
FrisbeeCatch/v_FrisbeeCatch_g22_c03.avi,33
FrisbeeCatch/v_FrisbeeCatch_g22_c04.avi,33
FrisbeeCatch/v_FrisbeeCatch_g22_c05.avi,33
FrisbeeCatch/v_FrisbeeCatch_g22_c06.avi,33
FrisbeeCatch/v_FrisbeeCatch_g23_c01.avi,33
FrisbeeCatch/v_FrisbeeCatch_g23_c02.avi,33
FrisbeeCatch/v_FrisbeeCatch_g23_c03.avi,33
FrisbeeCatch/v_FrisbeeCatch_g23_c04.avi,33
FrisbeeCatch/v_FrisbeeCatch_g24_c01.avi,33
FrisbeeCatch/v_FrisbeeCatch_g24_c02.avi,33
FrisbeeCatch/v_FrisbeeCatch_g24_c03.avi,33
FrisbeeCatch/v_FrisbeeCatch_g24_c04.avi,33
FrisbeeCatch/v_FrisbeeCatch_g25_c01.avi,33
FrisbeeCatch/v_FrisbeeCatch_g25_c02.avi,33
FrisbeeCatch/v_FrisbeeCatch_g25_c03.avi,33
FrisbeeCatch/v_FrisbeeCatch_g25_c04.avi,33
