arm_wave/arm_wave_000.mp4,0
arm_wave/arm_wave_001.mp4,0
arm_wave/arm_wave_002.mp4,0
arm_wave/arm_wave_003.mp4,0
arm_wave/arm_wave_004.mp4,0
arm_wave/arm_wave_005.mp4,0
arm_wave/arm_wave_006.mp4,0
arm_wave/arm_wave_007.mp4,0
arm_wave/arm_wave_008.mp4,0
arm_wave/arm_wave_009.mp4,0
arm_wave/arm_wave_010.mp4,0
arm_wave/arm_wave_011.mp4,0
arm_wave/arm_wave_012.mp4,0
arm_wave/arm_wave_013.mp4,0
arm_wave/arm_wave_014.mp4,0
arm_wave/arm_wave_015.mp4,0
atlatl_throw/atlatl_throw_000.mp4,1
atlatl_throw/atlatl_throw_001.mp4,1
atlatl_throw/atlatl_throw_002.mp4,1
atlatl_throw/atlatl_throw_003.mp4,1
atlatl_throw/atlatl_throw_004.mp4,1
atlatl_throw/atlatl_throw_005.mp4,1
atlatl_throw/atlatl_throw_006.mp4,1
atlatl_throw/atlatl_throw_007.mp4,1
atlatl_throw/atlatl_throw_008.mp4,1
atlatl_throw/atlatl_throw_009.mp4,1
atlatl_throw/atlatl_throw_010.mp4,1
atlatl_throw/atlatl_throw_011.mp4,1
atlatl_throw/atlatl_throw_012.mp4,1
atlatl_throw/atlatl_throw_013.mp4,1
atlatl_throw/atlatl_throw_014.mp4,1
atlatl_throw/atlatl_throw_015.mp4,1
axe_throwing/axe_throwing_000.mp4,2
axe_throwing/axe_throwing_001.mp4,2
axe_throwing/axe_throwing_002.mp4,2
axe_throwing/axe_throwing_003.mp4,2
axe_throwing/axe_throwing_004.mp4,2
axe_throwing/axe_throwing_005.mp4,2
axe_throwing/axe_throwing_006.mp4,2
axe_throwing/axe_throwing_007.mp4,2
axe_throwing/axe_throwing_008.mp4,2
axe_throwing/axe_throwing_009.mp4,2
axe_throwing/axe_throwing_010.mp4,2
axe_throwing/axe_throwing_011.mp4,2
axe_throwing/axe_throwing_012.mp4,2
axe_throwing/axe_throwing_013.mp4,2
axe_throwing/axe_throwing_014.mp4,2
axe_throwing/axe_throwing_015.mp4,2
backflip/backflip_000.mp4,3
backflip/backflip_001.mp4,3
backflip/backflip_002.mp4,3
backflip/backflip_003.mp4,3
backflip/backflip_004.mp4,3
backflip/backflip_005.mp4,3
backflip/backflip_006.mp4,3
backflip/backflip_007.mp4,3
backflip/backflip_008.mp4,3
backflip/backflip_009.mp4,3
backflip/backflip_010.mp4,3
backflip/backflip_011.mp4,3
backflip/backflip_012.mp4,3
backflip/backflip_013.mp4,3
backflip/backflip_014.mp4,3
backflip/backflip_015.mp4,3
badminton_overswing/badminton_overswing_000.mp4,4
badminton_overswing/badminton_overswing_001.mp4,4
badminton_overswing/badminton_overswing_002.mp4,4
badminton_overswing/badminton_overswing_003.mp4,4
badminton_overswing/badminton_overswing_004.mp4,4
badminton_overswing/badminton_overswing_005.mp4,4
badminton_overswing/badminton_overswing_006.mp4,4
badminton_overswing/badminton_overswing_007.mp4,4
badminton_overswing/badminton_overswing_008.mp4,4
badminton_overswing/badminton_overswing_009.mp4,4
badminton_overswing/badminton_overswing_010.mp4,4
badminton_overswing/badminton_overswing_011.mp4,4
badminton_overswing/badminton_overswing_012.mp4,4
badminton_overswing/badminton_overswing_013.mp4,4
badminton_overswing/badminton_overswing_014.mp4,4
badminton_overswing/badminton_overswing_015.mp4,4
badminton_serve/badminton_serve_000.mp4,5
badminton_serve/badminton_serve_001.mp4,5
badminton_serve/badminton_serve_002.mp4,5
badminton_serve/badminton_serve_003.mp4,5
badminton_serve/badminton_serve_004.mp4,5
badminton_serve/badminton_serve_005.mp4,5
badminton_serve/badminton_serve_006.mp4,5
badminton_serve/badminton_serve_007.mp4,5
badminton_serve/badminton_serve_008.mp4,5
badminton_serve/badminton_serve_009.mp4,5
badminton_serve/badminton_serve_010.mp4,5
badminton_serve/badminton_serve_011.mp4,5
badminton_serve/badminton_serve_012.mp4,5
badminton_serve/badminton_serve_013.mp4,5
badminton_serve/badminton_serve_014.mp4,5
badminton_serve/badminton_serve_015.mp4,5
badminton_underswing/badminton_underswing_000.mp4,6
badminton_underswing/badminton_underswing_001.mp4,6
badminton_underswing/badminton_underswing_002.mp4,6
badminton_underswing/badminton_underswing_003.mp4,6
badminton_underswing/badminton_underswing_004.mp4,6
badminton_underswing/badminton_underswing_005.mp4,6
badminton_underswing/badminton_underswing_006.mp4,6
badminton_underswing/badminton_underswing_007.mp4,6
badminton_underswing/badminton_underswing_008.mp4,6
badminton_underswing/badminton_underswing_009.mp4,6
badminton_underswing/badminton_underswing_010.mp4,6
badminton_underswing/badminton_underswing_011.mp4,6
badminton_underswing/badminton_underswing_012.mp4,6
badminton_underswing/badminton_underswing_013.mp4,6
badminton_underswing/badminton_underswing_014.mp4,6
badminton_underswing/badminton_underswing_015.mp4,6
baseball_bunt/baseball_bunt_000.mp4,7
baseball_bunt/baseball_bunt_001.mp4,7
baseball_bunt/baseball_bunt_002.mp4,7
baseball_bunt/baseball_bunt_003.mp4,7
baseball_bunt/baseball_bunt_004.mp4,7
baseball_bunt/baseball_bunt_005.mp4,7
baseball_bunt/baseball_bunt_006.mp4,7
baseball_bunt/baseball_bunt_007.mp4,7
baseball_bunt/baseball_bunt_008.mp4,7
baseball_bunt/baseball_bunt_009.mp4,7
baseball_bunt/baseball_bunt_010.mp4,7
baseball_bunt/baseball_bunt_011.mp4,7
baseball_bunt/baseball_bunt_012.mp4,7
baseball_bunt/baseball_bunt_013.mp4,7
baseball_bunt/baseball_bunt_014.mp4,7
baseball_bunt/baseball_bunt_015.mp4,7
baseball_catch_groundball/baseball_catch_groundball_000.mp4,8
baseball_catch_groundball/baseball_catch_groundball_001.mp4,8
baseball_catch_groundball/baseball_catch_groundball_002.mp4,8
baseball_catch_groundball/baseball_catch_groundball_003.mp4,8
baseball_catch_groundball/baseball_catch_groundball_004.mp4,8
baseball_catch_groundball/baseball_catch_groundball_005.mp4,8
baseball_catch_groundball/baseball_catch_groundball_006.mp4,8
baseball_catch_groundball/baseball_catch_groundball_007.mp4,8
baseball_catch_groundball/baseball_catch_groundball_008.mp4,8
baseball_catch_groundball/baseball_catch_groundball_009.mp4,8
baseball_catch_groundball/baseball_catch_groundball_010.mp4,8
baseball_catch_groundball/baseball_catch_groundball_011.mp4,8
baseball_catch_groundball/baseball_catch_groundball_012.mp4,8
baseball_catch_groundball/baseball_catch_groundball_013.mp4,8
baseball_catch_groundball/baseball_catch_groundball_014.mp4,8
baseball_catch_groundball/baseball_catch_groundball_015.mp4,8
baseball_pitch/baseball_pitch_000.mp4,9
baseball_pitch/baseball_pitch_001.mp4,9
baseball_pitch/baseball_pitch_002.mp4,9
baseball_pitch/baseball_pitch_003.mp4,9
baseball_pitch/baseball_pitch_004.mp4,9
baseball_pitch/baseball_pitch_005.mp4,9
baseball_pitch/baseball_pitch_006.mp4,9
baseball_pitch/baseball_pitch_007.mp4,9
baseball_pitch/baseball_pitch_008.mp4,9
baseball_pitch/baseball_pitch_009.mp4,9
baseball_pitch/baseball_pitch_010.mp4,9
baseball_pitch/baseball_pitch_011.mp4,9
baseball_pitch/baseball_pitch_012.mp4,9
baseball_pitch/baseball_pitch_013.mp4,9
baseball_pitch/baseball_pitch_014.mp4,9
baseball_pitch/baseball_pitch_015.mp4,9
baseball_swing/baseball_swing_000.mp4,10
baseball_swing/baseball_swing_001.mp4,10
baseball_swing/baseball_swing_002.mp4,10
baseball_swing/baseball_swing_003.mp4,10
baseball_swing/baseball_swing_004.mp4,10
baseball_swing/baseball_swing_005.mp4,10
baseball_swing/baseball_swing_006.mp4,10
baseball_swing/baseball_swing_007.mp4,10
baseball_swing/baseball_swing_008.mp4,10
baseball_swing/baseball_swing_009.mp4,10
baseball_swing/baseball_swing_010.mp4,10
baseball_swing/baseball_swing_011.mp4,10
baseball_swing/baseball_swing_012.mp4,10
baseball_swing/baseball_swing_013.mp4,10
baseball_swing/baseball_swing_014.mp4,10
baseball_swing/baseball_swing_015.mp4,10
basketball_dribble/basketball_dribble_000.mp4,11
basketball_dribble/basketball_dribble_001.mp4,11
basketball_dribble/basketball_dribble_002.mp4,11
basketball_dribble/basketball_dribble_003.mp4,11
basketball_dribble/basketball_dribble_004.mp4,11
basketball_dribble/basketball_dribble_005.mp4,11
basketball_dribble/basketball_dribble_006.mp4,11
basketball_dribble/basketball_dribble_007.mp4,11
basketball_dribble/basketball_dribble_008.mp4,11
basketball_dribble/basketball_dribble_009.mp4,11
basketball_dribble/basketball_dribble_010.mp4,11
basketball_dribble/basketball_dribble_011.mp4,11
basketball_dribble/basketball_dribble_012.mp4,11
basketball_dribble/basketball_dribble_013.mp4,11
basketball_dribble/basketball_dribble_014.mp4,11
basketball_dribble/basketball_dribble_015.mp4,11
basketball_dunk/basketball_dunk_000.mp4,12
basketball_dunk/basketball_dunk_001.mp4,12
basketball_dunk/basketball_dunk_002.mp4,12
basketball_dunk/basketball_dunk_003.mp4,12
basketball_dunk/basketball_dunk_004.mp4,12
basketball_dunk/basketball_dunk_005.mp4,12
basketball_dunk/basketball_dunk_006.mp4,12
basketball_dunk/basketball_dunk_007.mp4,12
basketball_dunk/basketball_dunk_008.mp4,12
basketball_dunk/basketball_dunk_009.mp4,12
basketball_dunk/basketball_dunk_010.mp4,12
basketball_dunk/basketball_dunk_011.mp4,12
basketball_dunk/basketball_dunk_012.mp4,12
basketball_dunk/basketball_dunk_013.mp4,12
basketball_dunk/basketball_dunk_014.mp4,12
basketball_dunk/basketball_dunk_015.mp4,12
basketball_hookshot/basketball_hookshot_000.mp4,13
basketball_hookshot/basketball_hookshot_001.mp4,13
basketball_hookshot/basketball_hookshot_002.mp4,13
basketball_hookshot/basketball_hookshot_003.mp4,13
basketball_hookshot/basketball_hookshot_004.mp4,13
basketball_hookshot/basketball_hookshot_005.mp4,13
basketball_hookshot/basketball_hookshot_006.mp4,13
basketball_hookshot/basketball_hookshot_007.mp4,13
basketball_hookshot/basketball_hookshot_008.mp4,13
basketball_hookshot/basketball_hookshot_009.mp4,13
basketball_hookshot/basketball_hookshot_010.mp4,13
basketball_hookshot/basketball_hookshot_011.mp4,13
basketball_hookshot/basketball_hookshot_012.mp4,13
basketball_hookshot/basketball_hookshot_013.mp4,13
basketball_hookshot/basketball_hookshot_014.mp4,13
basketball_hookshot/basketball_hookshot_015.mp4,13
basketball_jabstep/basketball_jabstep_000.mp4,14
basketball_jabstep/basketball_jabstep_001.mp4,14
basketball_jabstep/basketball_jabstep_002.mp4,14
basketball_jabstep/basketball_jabstep_003.mp4,14
basketball_jabstep/basketball_jabstep_004.mp4,14
basketball_jabstep/basketball_jabstep_005.mp4,14
basketball_jabstep/basketball_jabstep_006.mp4,14
basketball_jabstep/basketball_jabstep_007.mp4,14
basketball_jabstep/basketball_jabstep_008.mp4,14
basketball_jabstep/basketball_jabstep_009.mp4,14
basketball_jabstep/basketball_jabstep_010.mp4,14
basketball_jabstep/basketball_jabstep_011.mp4,14
basketball_jabstep/basketball_jabstep_012.mp4,14
basketball_jabstep/basketball_jabstep_013.mp4,14
basketball_jabstep/basketball_jabstep_014.mp4,14
basketball_jabstep/basketball_jabstep_015.mp4,14
basketball_layup/basketball_layup_000.mp4,15
basketball_layup/basketball_layup_001.mp4,15
basketball_layup/basketball_layup_002.mp4,15
basketball_layup/basketball_layup_003.mp4,15
basketball_layup/basketball_layup_004.mp4,15
basketball_layup/basketball_layup_005.mp4,15
basketball_layup/basketball_layup_006.mp4,15
basketball_layup/basketball_layup_007.mp4,15
basketball_layup/basketball_layup_008.mp4,15
basketball_layup/basketball_layup_009.mp4,15
basketball_layup/basketball_layup_010.mp4,15
basketball_layup/basketball_layup_011.mp4,15
basketball_layup/basketball_layup_012.mp4,15
basketball_layup/basketball_layup_013.mp4,15
basketball_layup/basketball_layup_014.mp4,15
basketball_layup/basketball_layup_015.mp4,15
basketball_pass/basketball_pass_000.mp4,16
basketball_pass/basketball_pass_001.mp4,16
basketball_pass/basketball_pass_002.mp4,16
basketball_pass/basketball_pass_003.mp4,16
basketball_pass/basketball_pass_004.mp4,16
basketball_pass/basketball_pass_005.mp4,16
basketball_pass/basketball_pass_006.mp4,16
basketball_pass/basketball_pass_007.mp4,16
basketball_pass/basketball_pass_008.mp4,16
basketball_pass/basketball_pass_009.mp4,16
basketball_pass/basketball_pass_010.mp4,16
basketball_pass/basketball_pass_011.mp4,16
basketball_pass/basketball_pass_012.mp4,16
basketball_pass/basketball_pass_013.mp4,16
basketball_pass/basketball_pass_014.mp4,16
basketball_pass/basketball_pass_015.mp4,16
basketball_shoot/basketball_shoot_000.mp4,17
basketball_shoot/basketball_shoot_001.mp4,17
basketball_shoot/basketball_shoot_002.mp4,17
basketball_shoot/basketball_shoot_003.mp4,17
basketball_shoot/basketball_shoot_004.mp4,17
basketball_shoot/basketball_shoot_005.mp4,17
basketball_shoot/basketball_shoot_006.mp4,17
basketball_shoot/basketball_shoot_007.mp4,17
basketball_shoot/basketball_shoot_008.mp4,17
basketball_shoot/basketball_shoot_009.mp4,17
basketball_shoot/basketball_shoot_010.mp4,17
basketball_shoot/basketball_shoot_011.mp4,17
basketball_shoot/basketball_shoot_012.mp4,17
basketball_shoot/basketball_shoot_013.mp4,17
basketball_shoot/basketball_shoot_014.mp4,17
basketball_shoot/basketball_shoot_015.mp4,17
battle-rope_jumping-jack/battle-rope_jumping-jack_000.mp4,18
battle-rope_jumping-jack/battle-rope_jumping-jack_001.mp4,18
battle-rope_jumping-jack/battle-rope_jumping-jack_002.mp4,18
battle-rope_jumping-jack/battle-rope_jumping-jack_003.mp4,18
battle-rope_jumping-jack/battle-rope_jumping-jack_004.mp4,18
battle-rope_jumping-jack/battle-rope_jumping-jack_005.mp4,18
battle-rope_jumping-jack/battle-rope_jumping-jack_006.mp4,18
battle-rope_jumping-jack/battle-rope_jumping-jack_007.mp4,18
battle-rope_jumping-jack/battle-rope_jumping-jack_008.mp4,18
battle-rope_jumping-jack/battle-rope_jumping-jack_009.mp4,18
battle-rope_jumping-jack/battle-rope_jumping-jack_010.mp4,18
battle-rope_jumping-jack/battle-rope_jumping-jack_011.mp4,18
battle-rope_jumping-jack/battle-rope_jumping-jack_012.mp4,18
battle-rope_jumping-jack/battle-rope_jumping-jack_013.mp4,18
battle-rope_jumping-jack/battle-rope_jumping-jack_014.mp4,18
battle-rope_jumping-jack/battle-rope_jumping-jack_015.mp4,18
battle-rope_power-slam/battle-rope_power-slam_000.mp4,19
battle-rope_power-slam/battle-rope_power-slam_001.mp4,19
battle-rope_power-slam/battle-rope_power-slam_002.mp4,19
battle-rope_power-slam/battle-rope_power-slam_003.mp4,19
battle-rope_power-slam/battle-rope_power-slam_004.mp4,19
battle-rope_power-slam/battle-rope_power-slam_005.mp4,19
battle-rope_power-slam/battle-rope_power-slam_006.mp4,19
battle-rope_power-slam/battle-rope_power-slam_007.mp4,19
battle-rope_power-slam/battle-rope_power-slam_008.mp4,19
battle-rope_power-slam/battle-rope_power-slam_009.mp4,19
battle-rope_power-slam/battle-rope_power-slam_010.mp4,19
battle-rope_power-slam/battle-rope_power-slam_011.mp4,19
battle-rope_power-slam/battle-rope_power-slam_012.mp4,19
battle-rope_power-slam/battle-rope_power-slam_013.mp4,19
battle-rope_power-slam/battle-rope_power-slam_014.mp4,19
battle-rope_power-slam/battle-rope_power-slam_015.mp4,19
battle-rope_rainbow/battle-rope_rainbow_000.mp4,20
battle-rope_rainbow/battle-rope_rainbow_001.mp4,20
battle-rope_rainbow/battle-rope_rainbow_002.mp4,20
battle-rope_rainbow/battle-rope_rainbow_003.mp4,20
battle-rope_rainbow/battle-rope_rainbow_004.mp4,20
battle-rope_rainbow/battle-rope_rainbow_005.mp4,20
battle-rope_rainbow/battle-rope_rainbow_006.mp4,20
battle-rope_rainbow/battle-rope_rainbow_007.mp4,20
battle-rope_rainbow/battle-rope_rainbow_008.mp4,20
battle-rope_rainbow/battle-rope_rainbow_009.mp4,20
battle-rope_rainbow/battle-rope_rainbow_010.mp4,20
battle-rope_rainbow/battle-rope_rainbow_011.mp4,20
battle-rope_rainbow/battle-rope_rainbow_012.mp4,20
battle-rope_rainbow/battle-rope_rainbow_013.mp4,20
battle-rope_rainbow/battle-rope_rainbow_014.mp4,20
battle-rope_rainbow/battle-rope_rainbow_015.mp4,20
bench_dip/bench_dip_000.mp4,21
bench_dip/bench_dip_001.mp4,21
bench_dip/bench_dip_002.mp4,21
bench_dip/bench_dip_003.mp4,21
bench_dip/bench_dip_004.mp4,21
bench_dip/bench_dip_005.mp4,21
bench_dip/bench_dip_006.mp4,21
bench_dip/bench_dip_007.mp4,21
bench_dip/bench_dip_008.mp4,21
bench_dip/bench_dip_009.mp4,21
bench_dip/bench_dip_010.mp4,21
bench_dip/bench_dip_011.mp4,21
bench_dip/bench_dip_012.mp4,21
bench_dip/bench_dip_013.mp4,21
bench_dip/bench_dip_014.mp4,21
bench_dip/bench_dip_015.mp4,21
bowing_fullbody/bowing_fullbody_000.mp4,22
bowing_fullbody/bowing_fullbody_001.mp4,22
bowing_fullbody/bowing_fullbody_002.mp4,22
bowing_fullbody/bowing_fullbody_003.mp4,22
bowing_fullbody/bowing_fullbody_004.mp4,22
bowing_fullbody/bowing_fullbody_005.mp4,22
bowing_fullbody/bowing_fullbody_006.mp4,22
bowing_fullbody/bowing_fullbody_007.mp4,22
bowing_fullbody/bowing_fullbody_008.mp4,22
bowing_fullbody/bowing_fullbody_009.mp4,22
bowing_fullbody/bowing_fullbody_010.mp4,22
bowing_fullbody/bowing_fullbody_011.mp4,22
bowing_fullbody/bowing_fullbody_012.mp4,22
bowing_fullbody/bowing_fullbody_013.mp4,22
bowing_fullbody/bowing_fullbody_014.mp4,22
bowing_fullbody/bowing_fullbody_015.mp4,22
bowling/bowling_000.mp4,23
bowling/bowling_001.mp4,23
bowling/bowling_002.mp4,23
bowling/bowling_003.mp4,23
bowling/bowling_004.mp4,23
bowling/bowling_005.mp4,23
bowling/bowling_006.mp4,23
bowling/bowling_007.mp4,23
bowling/bowling_008.mp4,23
bowling/bowling_009.mp4,23
bowling/bowling_010.mp4,23
bowling/bowling_011.mp4,23
bowling/bowling_012.mp4,23
bowling/bowling_013.mp4,23
bowling/bowling_014.mp4,23
bowling/bowling_015.mp4,23
bowls_throw/bowls_throw_000.mp4,24
bowls_throw/bowls_throw_001.mp4,24
bowls_throw/bowls_throw_002.mp4,24
bowls_throw/bowls_throw_003.mp4,24
bowls_throw/bowls_throw_004.mp4,24
bowls_throw/bowls_throw_005.mp4,24
bowls_throw/bowls_throw_006.mp4,24
bowls_throw/bowls_throw_007.mp4,24
bowls_throw/bowls_throw_008.mp4,24
bowls_throw/bowls_throw_009.mp4,24
bowls_throw/bowls_throw_010.mp4,24
bowls_throw/bowls_throw_011.mp4,24
bowls_throw/bowls_throw_012.mp4,24
bowls_throw/bowls_throw_013.mp4,24
bowls_throw/bowls_throw_014.mp4,24
bowls_throw/bowls_throw_015.mp4,24
burpee/burpee_000.mp4,25
burpee/burpee_001.mp4,25
burpee/burpee_002.mp4,25
burpee/burpee_003.mp4,25
burpee/burpee_004.mp4,25
burpee/burpee_005.mp4,25
burpee/burpee_006.mp4,25
burpee/burpee_007.mp4,25
burpee/burpee_008.mp4,25
burpee/burpee_009.mp4,25
burpee/burpee_010.mp4,25
burpee/burpee_011.mp4,25
burpee/burpee_012.mp4,25
burpee/burpee_013.mp4,25
burpee/burpee_014.mp4,25
burpee/burpee_015.mp4,25
canoeing_sprint/canoeing_sprint_000.mp4,26
canoeing_sprint/canoeing_sprint_001.mp4,26
canoeing_sprint/canoeing_sprint_002.mp4,26
canoeing_sprint/canoeing_sprint_003.mp4,26
canoeing_sprint/canoeing_sprint_004.mp4,26
canoeing_sprint/canoeing_sprint_005.mp4,26
canoeing_sprint/canoeing_sprint_006.mp4,26
canoeing_sprint/canoeing_sprint_007.mp4,26
canoeing_sprint/canoeing_sprint_008.mp4,26
canoeing_sprint/canoeing_sprint_009.mp4,26
canoeing_sprint/canoeing_sprint_010.mp4,26
canoeing_sprint/canoeing_sprint_011.mp4,26
canoeing_sprint/canoeing_sprint_012.mp4,26
canoeing_sprint/canoeing_sprint_013.mp4,26
canoeing_sprint/canoeing_sprint_014.mp4,26
canoeing_sprint/canoeing_sprint_015.mp4,26
cast_net/cast_net_000.mp4,27
cast_net/cast_net_001.mp4,27
cast_net/cast_net_002.mp4,27
cast_net/cast_net_003.mp4,27
cast_net/cast_net_004.mp4,27
cast_net/cast_net_005.mp4,27
cast_net/cast_net_006.mp4,27
cast_net/cast_net_007.mp4,27
cast_net/cast_net_008.mp4,27
cast_net/cast_net_009.mp4,27
cast_net/cast_net_010.mp4,27
cast_net/cast_net_011.mp4,27
cast_net/cast_net_012.mp4,27
cast_net/cast_net_013.mp4,27
cast_net/cast_net_014.mp4,27
cast_net/cast_net_015.mp4,27
climb_ladder/climb_ladder_000.mp4,28
climb_ladder/climb_ladder_001.mp4,28
climb_ladder/climb_ladder_002.mp4,28
climb_ladder/climb_ladder_003.mp4,28
climb_ladder/climb_ladder_004.mp4,28
climb_ladder/climb_ladder_005.mp4,28
climb_ladder/climb_ladder_006.mp4,28
climb_ladder/climb_ladder_007.mp4,28
climb_ladder/climb_ladder_008.mp4,28
climb_ladder/climb_ladder_009.mp4,28
climb_ladder/climb_ladder_010.mp4,28
climb_ladder/climb_ladder_011.mp4,28
climb_ladder/climb_ladder_012.mp4,28
climb_ladder/climb_ladder_013.mp4,28
climb_ladder/climb_ladder_014.mp4,28
climb_ladder/climb_ladder_015.mp4,28
CPR/CPR_000.mp4,29
CPR/CPR_001.mp4,29
CPR/CPR_002.mp4,29
CPR/CPR_003.mp4,29
CPR/CPR_004.mp4,29
CPR/CPR_005.mp4,29
CPR/CPR_006.mp4,29
CPR/CPR_007.mp4,29
CPR/CPR_008.mp4,29
CPR/CPR_009.mp4,29
CPR/CPR_010.mp4,29
CPR/CPR_011.mp4,29
CPR/CPR_012.mp4,29
CPR/CPR_013.mp4,29
CPR/CPR_014.mp4,29
CPR/CPR_015.mp4,29
dips/dips_000.mp4,30
dips/dips_001.mp4,30
dips/dips_002.mp4,30
dips/dips_003.mp4,30
dips/dips_004.mp4,30
dips/dips_005.mp4,30
dips/dips_006.mp4,30
dips/dips_007.mp4,30
dips/dips_008.mp4,30
dips/dips_009.mp4,30
dips/dips_010.mp4,30
dips/dips_011.mp4,30
dips/dips_012.mp4,30
dips/dips_013.mp4,30
dips/dips_014.mp4,30
dips/dips_015.mp4,30
floss_dance/floss_dance_000.mp4,31
floss_dance/floss_dance_001.mp4,31
floss_dance/floss_dance_002.mp4,31
floss_dance/floss_dance_003.mp4,31
floss_dance/floss_dance_004.mp4,31
floss_dance/floss_dance_005.mp4,31
floss_dance/floss_dance_006.mp4,31
floss_dance/floss_dance_007.mp4,31
floss_dance/floss_dance_008.mp4,31
floss_dance/floss_dance_009.mp4,31
floss_dance/floss_dance_010.mp4,31
floss_dance/floss_dance_011.mp4,31
floss_dance/floss_dance_012.mp4,31
floss_dance/floss_dance_013.mp4,31
floss_dance/floss_dance_014.mp4,31
floss_dance/floss_dance_015.mp4,31
football_throw/football_throw_000.mp4,32
football_throw/football_throw_001.mp4,32
football_throw/football_throw_002.mp4,32
football_throw/football_throw_003.mp4,32
football_throw/football_throw_004.mp4,32
football_throw/football_throw_005.mp4,32
football_throw/football_throw_006.mp4,32
football_throw/football_throw_007.mp4,32
football_throw/football_throw_008.mp4,32
football_throw/football_throw_009.mp4,32
football_throw/football_throw_010.mp4,32
football_throw/football_throw_011.mp4,32
football_throw/football_throw_012.mp4,32
football_throw/football_throw_013.mp4,32
football_throw/football_throw_014.mp4,32
football_throw/football_throw_015.mp4,32
frisbee_throw/frisbee_throw_000.mp4,33
frisbee_throw/frisbee_throw_001.mp4,33
frisbee_throw/frisbee_throw_002.mp4,33
frisbee_throw/frisbee_throw_003.mp4,33
frisbee_throw/frisbee_throw_004.mp4,33
frisbee_throw/frisbee_throw_005.mp4,33
frisbee_throw/frisbee_throw_006.mp4,33
frisbee_throw/frisbee_throw_007.mp4,33
frisbee_throw/frisbee_throw_008.mp4,33
frisbee_throw/frisbee_throw_009.mp4,33
frisbee_throw/frisbee_throw_010.mp4,33
frisbee_throw/frisbee_throw_011.mp4,33
frisbee_throw/frisbee_throw_012.mp4,33
frisbee_throw/frisbee_throw_013.mp4,33
frisbee_throw/frisbee_throw_014.mp4,33
frisbee_throw/frisbee_throw_015.mp4,33
gangnam_style_dance/gangnam_style_dance_000.mp4,34
gangnam_style_dance/gangnam_style_dance_001.mp4,34
gangnam_style_dance/gangnam_style_dance_002.mp4,34
gangnam_style_dance/gangnam_style_dance_003.mp4,34
gangnam_style_dance/gangnam_style_dance_004.mp4,34
gangnam_style_dance/gangnam_style_dance_005.mp4,34
gangnam_style_dance/gangnam_style_dance_006.mp4,34
gangnam_style_dance/gangnam_style_dance_007.mp4,34
gangnam_style_dance/gangnam_style_dance_008.mp4,34
gangnam_style_dance/gangnam_style_dance_009.mp4,34
gangnam_style_dance/gangnam_style_dance_010.mp4,34
gangnam_style_dance/gangnam_style_dance_011.mp4,34
gangnam_style_dance/gangnam_style_dance_012.mp4,34
gangnam_style_dance/gangnam_style_dance_013.mp4,34
gangnam_style_dance/gangnam_style_dance_014.mp4,34
gangnam_style_dance/gangnam_style_dance_015.mp4,34
golf_part/golf_part_000.mp4,35
golf_part/golf_part_001.mp4,35
golf_part/golf_part_002.mp4,35
golf_part/golf_part_003.mp4,35
golf_part/golf_part_004.mp4,35
golf_part/golf_part_005.mp4,35
golf_part/golf_part_006.mp4,35
golf_part/golf_part_007.mp4,35
golf_part/golf_part_008.mp4,35
golf_part/golf_part_009.mp4,35
golf_part/golf_part_010.mp4,35
golf_part/golf_part_011.mp4,35
golf_part/golf_part_012.mp4,35
golf_part/golf_part_013.mp4,35
golf_part/golf_part_014.mp4,35
golf_part/golf_part_015.mp4,35
golf_swing/golf_swing_000.mp4,36
golf_swing/golf_swing_001.mp4,36
golf_swing/golf_swing_002.mp4,36
golf_swing/golf_swing_003.mp4,36
golf_swing/golf_swing_004.mp4,36
golf_swing/golf_swing_005.mp4,36
golf_swing/golf_swing_006.mp4,36
golf_swing/golf_swing_007.mp4,36
golf_swing/golf_swing_008.mp4,36
golf_swing/golf_swing_009.mp4,36
golf_swing/golf_swing_010.mp4,36
golf_swing/golf_swing_011.mp4,36
golf_swing/golf_swing_012.mp4,36
golf_swing/golf_swing_013.mp4,36
golf_swing/golf_swing_014.mp4,36
golf_swing/golf_swing_015.mp4,36
gym_lift/gym_lift_000.mp4,37
gym_lift/gym_lift_001.mp4,37
gym_lift/gym_lift_002.mp4,37
gym_lift/gym_lift_003.mp4,37
gym_lift/gym_lift_004.mp4,37
gym_lift/gym_lift_005.mp4,37
gym_lift/gym_lift_006.mp4,37
gym_lift/gym_lift_007.mp4,37
gym_lift/gym_lift_008.mp4,37
gym_lift/gym_lift_009.mp4,37
gym_lift/gym_lift_010.mp4,37
gym_lift/gym_lift_011.mp4,37
gym_lift/gym_lift_012.mp4,37
gym_lift/gym_lift_013.mp4,37
gym_lift/gym_lift_014.mp4,37
gym_lift/gym_lift_015.mp4,37
gym_lunges/gym_lunges_000.mp4,38
gym_lunges/gym_lunges_001.mp4,38
gym_lunges/gym_lunges_002.mp4,38
gym_lunges/gym_lunges_003.mp4,38
gym_lunges/gym_lunges_004.mp4,38
gym_lunges/gym_lunges_005.mp4,38
gym_lunges/gym_lunges_006.mp4,38
gym_lunges/gym_lunges_007.mp4,38
gym_lunges/gym_lunges_008.mp4,38
gym_lunges/gym_lunges_009.mp4,38
gym_lunges/gym_lunges_010.mp4,38
gym_lunges/gym_lunges_011.mp4,38
gym_lunges/gym_lunges_012.mp4,38
gym_lunges/gym_lunges_013.mp4,38
gym_lunges/gym_lunges_014.mp4,38
gym_lunges/gym_lunges_015.mp4,38
gym_plank/gym_plank_000.mp4,39
gym_plank/gym_plank_001.mp4,39
gym_plank/gym_plank_002.mp4,39
gym_plank/gym_plank_003.mp4,39
gym_plank/gym_plank_004.mp4,39
gym_plank/gym_plank_005.mp4,39
gym_plank/gym_plank_006.mp4,39
gym_plank/gym_plank_007.mp4,39
gym_plank/gym_plank_008.mp4,39
gym_plank/gym_plank_009.mp4,39
gym_plank/gym_plank_010.mp4,39
gym_plank/gym_plank_011.mp4,39
gym_plank/gym_plank_012.mp4,39
gym_plank/gym_plank_013.mp4,39
gym_plank/gym_plank_014.mp4,39
gym_plank/gym_plank_015.mp4,39
gym_pull/gym_pull_000.mp4,40
gym_pull/gym_pull_001.mp4,40
gym_pull/gym_pull_002.mp4,40
gym_pull/gym_pull_003.mp4,40
gym_pull/gym_pull_004.mp4,40
gym_pull/gym_pull_005.mp4,40
gym_pull/gym_pull_006.mp4,40
gym_pull/gym_pull_007.mp4,40
gym_pull/gym_pull_008.mp4,40
gym_pull/gym_pull_009.mp4,40
gym_pull/gym_pull_010.mp4,40
gym_pull/gym_pull_011.mp4,40
gym_pull/gym_pull_012.mp4,40
gym_pull/gym_pull_013.mp4,40
gym_pull/gym_pull_014.mp4,40
gym_pull/gym_pull_015.mp4,40
gym_push/gym_push_000.mp4,41
gym_push/gym_push_001.mp4,41
gym_push/gym_push_002.mp4,41
gym_push/gym_push_003.mp4,41
gym_push/gym_push_004.mp4,41
gym_push/gym_push_005.mp4,41
gym_push/gym_push_006.mp4,41
gym_push/gym_push_007.mp4,41
gym_push/gym_push_008.mp4,41
gym_push/gym_push_009.mp4,41
gym_push/gym_push_010.mp4,41
gym_push/gym_push_011.mp4,41
gym_push/gym_push_012.mp4,41
gym_push/gym_push_013.mp4,41
gym_push/gym_push_014.mp4,41
gym_push/gym_push_015.mp4,41
gym_ride/gym_ride_000.mp4,42
gym_ride/gym_ride_001.mp4,42
gym_ride/gym_ride_002.mp4,42
gym_ride/gym_ride_003.mp4,42
gym_ride/gym_ride_004.mp4,42
gym_ride/gym_ride_005.mp4,42
gym_ride/gym_ride_006.mp4,42
gym_ride/gym_ride_007.mp4,42
gym_ride/gym_ride_008.mp4,42
gym_ride/gym_ride_009.mp4,42
gym_ride/gym_ride_010.mp4,42
gym_ride/gym_ride_011.mp4,42
gym_ride/gym_ride_012.mp4,42
gym_ride/gym_ride_013.mp4,42
gym_ride/gym_ride_014.mp4,42
gym_ride/gym_ride_015.mp4,42
gym_run/gym_run_000.mp4,43
gym_run/gym_run_001.mp4,43
gym_run/gym_run_002.mp4,43
gym_run/gym_run_003.mp4,43
gym_run/gym_run_004.mp4,43
gym_run/gym_run_005.mp4,43
gym_run/gym_run_006.mp4,43
gym_run/gym_run_007.mp4,43
gym_run/gym_run_008.mp4,43
gym_run/gym_run_009.mp4,43
gym_run/gym_run_010.mp4,43
gym_run/gym_run_011.mp4,43
gym_run/gym_run_012.mp4,43
gym_run/gym_run_013.mp4,43
gym_run/gym_run_014.mp4,43
gym_run/gym_run_015.mp4,43
gym_squat/gym_squat_000.mp4,44
gym_squat/gym_squat_001.mp4,44
gym_squat/gym_squat_002.mp4,44
gym_squat/gym_squat_003.mp4,44
gym_squat/gym_squat_004.mp4,44
gym_squat/gym_squat_005.mp4,44
gym_squat/gym_squat_006.mp4,44
gym_squat/gym_squat_007.mp4,44
gym_squat/gym_squat_008.mp4,44
gym_squat/gym_squat_009.mp4,44
gym_squat/gym_squat_010.mp4,44
gym_squat/gym_squat_011.mp4,44
gym_squat/gym_squat_012.mp4,44
gym_squat/gym_squat_013.mp4,44
gym_squat/gym_squat_014.mp4,44
gym_squat/gym_squat_015.mp4,44
hammer_throw/hammer_throw_000.mp4,45
hammer_throw/hammer_throw_001.mp4,45
hammer_throw/hammer_throw_002.mp4,45
hammer_throw/hammer_throw_003.mp4,45
hammer_throw/hammer_throw_004.mp4,45
hammer_throw/hammer_throw_005.mp4,45
hammer_throw/hammer_throw_006.mp4,45
hammer_throw/hammer_throw_007.mp4,45
hammer_throw/hammer_throw_008.mp4,45
hammer_throw/hammer_throw_009.mp4,45
hammer_throw/hammer_throw_010.mp4,45
hammer_throw/hammer_throw_011.mp4,45
hammer_throw/hammer_throw_012.mp4,45
hammer_throw/hammer_throw_013.mp4,45
hammer_throw/hammer_throw_014.mp4,45
hammer_throw/hammer_throw_015.mp4,45
handstand/handstand_000.mp4,46
handstand/handstand_001.mp4,46
handstand/handstand_002.mp4,46
handstand/handstand_003.mp4,46
handstand/handstand_004.mp4,46
handstand/handstand_005.mp4,46
handstand/handstand_006.mp4,46
handstand/handstand_007.mp4,46
handstand/handstand_008.mp4,46
handstand/handstand_009.mp4,46
handstand/handstand_010.mp4,46
handstand/handstand_011.mp4,46
handstand/handstand_012.mp4,46
handstand/handstand_013.mp4,46
handstand/handstand_014.mp4,46
handstand/handstand_015.mp4,46
high_knees/high_knees_000.mp4,47
high_knees/high_knees_001.mp4,47
high_knees/high_knees_002.mp4,47
high_knees/high_knees_003.mp4,47
high_knees/high_knees_004.mp4,47
high_knees/high_knees_005.mp4,47
high_knees/high_knees_006.mp4,47
high_knees/high_knees_007.mp4,47
high_knees/high_knees_008.mp4,47
high_knees/high_knees_009.mp4,47
high_knees/high_knees_010.mp4,47
high_knees/high_knees_011.mp4,47
high_knees/high_knees_012.mp4,47
high_knees/high_knees_013.mp4,47
high_knees/high_knees_014.mp4,47
high_knees/high_knees_015.mp4,47
hurdle_jump/hurdle_jump_000.mp4,48
hurdle_jump/hurdle_jump_001.mp4,48
hurdle_jump/hurdle_jump_002.mp4,48
hurdle_jump/hurdle_jump_003.mp4,48
hurdle_jump/hurdle_jump_004.mp4,48
hurdle_jump/hurdle_jump_005.mp4,48
hurdle_jump/hurdle_jump_006.mp4,48
hurdle_jump/hurdle_jump_007.mp4,48
hurdle_jump/hurdle_jump_008.mp4,48
hurdle_jump/hurdle_jump_009.mp4,48
hurdle_jump/hurdle_jump_010.mp4,48
hurdle_jump/hurdle_jump_011.mp4,48
hurdle_jump/hurdle_jump_012.mp4,48
hurdle_jump/hurdle_jump_013.mp4,48
hurdle_jump/hurdle_jump_014.mp4,48
hurdle_jump/hurdle_jump_015.mp4,48
javelin_run/javelin_run_000.mp4,49
javelin_run/javelin_run_001.mp4,49
javelin_run/javelin_run_002.mp4,49
javelin_run/javelin_run_003.mp4,49
javelin_run/javelin_run_004.mp4,49
javelin_run/javelin_run_005.mp4,49
javelin_run/javelin_run_006.mp4,49
javelin_run/javelin_run_007.mp4,49
javelin_run/javelin_run_008.mp4,49
javelin_run/javelin_run_009.mp4,49
javelin_run/javelin_run_010.mp4,49
javelin_run/javelin_run_011.mp4,49
javelin_run/javelin_run_012.mp4,49
javelin_run/javelin_run_013.mp4,49
javelin_run/javelin_run_014.mp4,49
javelin_run/javelin_run_015.mp4,49
javelin_throw/javelin_throw_000.mp4,50
javelin_throw/javelin_throw_001.mp4,50
javelin_throw/javelin_throw_002.mp4,50
javelin_throw/javelin_throw_003.mp4,50
javelin_throw/javelin_throw_004.mp4,50
javelin_throw/javelin_throw_005.mp4,50
javelin_throw/javelin_throw_006.mp4,50
javelin_throw/javelin_throw_007.mp4,50
javelin_throw/javelin_throw_008.mp4,50
javelin_throw/javelin_throw_009.mp4,50
javelin_throw/javelin_throw_010.mp4,50
javelin_throw/javelin_throw_011.mp4,50
javelin_throw/javelin_throw_012.mp4,50
javelin_throw/javelin_throw_013.mp4,50
javelin_throw/javelin_throw_014.mp4,50
javelin_throw/javelin_throw_015.mp4,50
jump rope/jump rope_000.mp4,51
jump rope/jump rope_001.mp4,51
jump rope/jump rope_002.mp4,51
jump rope/jump rope_003.mp4,51
jump rope/jump rope_004.mp4,51
jump rope/jump rope_005.mp4,51
jump rope/jump rope_006.mp4,51
jump rope/jump rope_007.mp4,51
jump rope/jump rope_008.mp4,51
jump rope/jump rope_009.mp4,51
jump rope/jump rope_010.mp4,51
jump rope/jump rope_011.mp4,51
jump rope/jump rope_012.mp4,51
jump rope/jump rope_013.mp4,51
jump rope/jump rope_014.mp4,51
jump rope/jump rope_015.mp4,51
jumping_jack/jumping_jack_000.mp4,52
jumping_jack/jumping_jack_001.mp4,52
jumping_jack/jumping_jack_002.mp4,52
jumping_jack/jumping_jack_003.mp4,52
jumping_jack/jumping_jack_004.mp4,52
jumping_jack/jumping_jack_005.mp4,52
jumping_jack/jumping_jack_006.mp4,52
jumping_jack/jumping_jack_007.mp4,52
jumping_jack/jumping_jack_008.mp4,52
jumping_jack/jumping_jack_009.mp4,52
jumping_jack/jumping_jack_010.mp4,52
jumping_jack/jumping_jack_011.mp4,52
jumping_jack/jumping_jack_012.mp4,52
jumping_jack/jumping_jack_013.mp4,52
jumping_jack/jumping_jack_014.mp4,52
jumping_jack/jumping_jack_015.mp4,52
leg_hold_back/leg_hold_back_000.mp4,53
leg_hold_back/leg_hold_back_001.mp4,53
leg_hold_back/leg_hold_back_002.mp4,53
leg_hold_back/leg_hold_back_003.mp4,53
leg_hold_back/leg_hold_back_004.mp4,53
leg_hold_back/leg_hold_back_005.mp4,53
leg_hold_back/leg_hold_back_006.mp4,53
leg_hold_back/leg_hold_back_007.mp4,53
leg_hold_back/leg_hold_back_008.mp4,53
leg_hold_back/leg_hold_back_009.mp4,53
leg_hold_back/leg_hold_back_010.mp4,53
leg_hold_back/leg_hold_back_011.mp4,53
leg_hold_back/leg_hold_back_012.mp4,53
leg_hold_back/leg_hold_back_013.mp4,53
leg_hold_back/leg_hold_back_014.mp4,53
leg_hold_back/leg_hold_back_015.mp4,53
leg_hold_front/leg_hold_front_000.mp4,54
leg_hold_front/leg_hold_front_001.mp4,54
leg_hold_front/leg_hold_front_002.mp4,54
leg_hold_front/leg_hold_front_003.mp4,54
leg_hold_front/leg_hold_front_004.mp4,54
leg_hold_front/leg_hold_front_005.mp4,54
leg_hold_front/leg_hold_front_006.mp4,54
leg_hold_front/leg_hold_front_007.mp4,54
leg_hold_front/leg_hold_front_008.mp4,54
leg_hold_front/leg_hold_front_009.mp4,54
leg_hold_front/leg_hold_front_010.mp4,54
leg_hold_front/leg_hold_front_011.mp4,54
leg_hold_front/leg_hold_front_012.mp4,54
leg_hold_front/leg_hold_front_013.mp4,54
leg_hold_front/leg_hold_front_014.mp4,54
leg_hold_front/leg_hold_front_015.mp4,54
leg_split/leg_split_000.mp4,55
leg_split/leg_split_001.mp4,55
leg_split/leg_split_002.mp4,55
leg_split/leg_split_003.mp4,55
leg_split/leg_split_004.mp4,55
leg_split/leg_split_005.mp4,55
leg_split/leg_split_006.mp4,55
leg_split/leg_split_007.mp4,55
leg_split/leg_split_008.mp4,55
leg_split/leg_split_009.mp4,55
leg_split/leg_split_010.mp4,55
leg_split/leg_split_011.mp4,55
leg_split/leg_split_012.mp4,55
leg_split/leg_split_013.mp4,55
leg_split/leg_split_014.mp4,55
leg_split/leg_split_015.mp4,55
moonwalk/moonwalk_000.mp4,56
moonwalk/moonwalk_001.mp4,56
moonwalk/moonwalk_002.mp4,56
moonwalk/moonwalk_003.mp4,56
moonwalk/moonwalk_004.mp4,56
moonwalk/moonwalk_005.mp4,56
moonwalk/moonwalk_006.mp4,56
moonwalk/moonwalk_007.mp4,56
moonwalk/moonwalk_008.mp4,56
moonwalk/moonwalk_009.mp4,56
moonwalk/moonwalk_010.mp4,56
moonwalk/moonwalk_011.mp4,56
moonwalk/moonwalk_012.mp4,56
moonwalk/moonwalk_013.mp4,56
moonwalk/moonwalk_014.mp4,56
moonwalk/moonwalk_015.mp4,56
neck_side_pull_stretch/neck_side_pull_stretch_000.mp4,57
neck_side_pull_stretch/neck_side_pull_stretch_001.mp4,57
neck_side_pull_stretch/neck_side_pull_stretch_002.mp4,57
neck_side_pull_stretch/neck_side_pull_stretch_003.mp4,57
neck_side_pull_stretch/neck_side_pull_stretch_004.mp4,57
neck_side_pull_stretch/neck_side_pull_stretch_005.mp4,57
neck_side_pull_stretch/neck_side_pull_stretch_006.mp4,57
neck_side_pull_stretch/neck_side_pull_stretch_007.mp4,57
neck_side_pull_stretch/neck_side_pull_stretch_008.mp4,57
neck_side_pull_stretch/neck_side_pull_stretch_009.mp4,57
neck_side_pull_stretch/neck_side_pull_stretch_010.mp4,57
neck_side_pull_stretch/neck_side_pull_stretch_011.mp4,57
neck_side_pull_stretch/neck_side_pull_stretch_012.mp4,57
neck_side_pull_stretch/neck_side_pull_stretch_013.mp4,57
neck_side_pull_stretch/neck_side_pull_stretch_014.mp4,57
neck_side_pull_stretch/neck_side_pull_stretch_015.mp4,57
one_arm_push_up/one_arm_push_up_000.mp4,58
one_arm_push_up/one_arm_push_up_001.mp4,58
one_arm_push_up/one_arm_push_up_002.mp4,58
one_arm_push_up/one_arm_push_up_003.mp4,58
one_arm_push_up/one_arm_push_up_004.mp4,58
one_arm_push_up/one_arm_push_up_005.mp4,58
one_arm_push_up/one_arm_push_up_006.mp4,58
one_arm_push_up/one_arm_push_up_007.mp4,58
one_arm_push_up/one_arm_push_up_008.mp4,58
one_arm_push_up/one_arm_push_up_009.mp4,58
one_arm_push_up/one_arm_push_up_010.mp4,58
one_arm_push_up/one_arm_push_up_011.mp4,58
one_arm_push_up/one_arm_push_up_012.mp4,58
one_arm_push_up/one_arm_push_up_013.mp4,58
one_arm_push_up/one_arm_push_up_014.mp4,58
one_arm_push_up/one_arm_push_up_015.mp4,58
pirouette/pirouette_000.mp4,59
pirouette/pirouette_001.mp4,59
pirouette/pirouette_002.mp4,59
pirouette/pirouette_003.mp4,59
pirouette/pirouette_004.mp4,59
pirouette/pirouette_005.mp4,59
pirouette/pirouette_006.mp4,59
pirouette/pirouette_007.mp4,59
pirouette/pirouette_008.mp4,59
pirouette/pirouette_009.mp4,59
pirouette/pirouette_010.mp4,59
pirouette/pirouette_011.mp4,59
pirouette/pirouette_012.mp4,59
pirouette/pirouette_013.mp4,59
pirouette/pirouette_014.mp4,59
pirouette/pirouette_015.mp4,59
pull_ups/pull_ups_000.mp4,60
pull_ups/pull_ups_001.mp4,60
pull_ups/pull_ups_002.mp4,60
pull_ups/pull_ups_003.mp4,60
pull_ups/pull_ups_004.mp4,60
pull_ups/pull_ups_005.mp4,60
pull_ups/pull_ups_006.mp4,60
pull_ups/pull_ups_007.mp4,60
pull_ups/pull_ups_008.mp4,60
pull_ups/pull_ups_009.mp4,60
pull_ups/pull_ups_010.mp4,60
pull_ups/pull_ups_011.mp4,60
pull_ups/pull_ups_012.mp4,60
pull_ups/pull_ups_013.mp4,60
pull_ups/pull_ups_014.mp4,60
pull_ups/pull_ups_015.mp4,60
punching_sandbag/punching_sandbag_000.mp4,61
punching_sandbag/punching_sandbag_001.mp4,61
punching_sandbag/punching_sandbag_002.mp4,61
punching_sandbag/punching_sandbag_003.mp4,61
punching_sandbag/punching_sandbag_004.mp4,61
punching_sandbag/punching_sandbag_005.mp4,61
punching_sandbag/punching_sandbag_006.mp4,61
punching_sandbag/punching_sandbag_007.mp4,61
punching_sandbag/punching_sandbag_008.mp4,61
punching_sandbag/punching_sandbag_009.mp4,61
punching_sandbag/punching_sandbag_010.mp4,61
punching_sandbag/punching_sandbag_011.mp4,61
punching_sandbag/punching_sandbag_012.mp4,61
punching_sandbag/punching_sandbag_013.mp4,61
punching_sandbag/punching_sandbag_014.mp4,61
punching_sandbag/punching_sandbag_015.mp4,61
pushup/pushup_000.mp4,62
pushup/pushup_001.mp4,62
pushup/pushup_002.mp4,62
pushup/pushup_003.mp4,62
pushup/pushup_004.mp4,62
pushup/pushup_005.mp4,62
pushup/pushup_006.mp4,62
pushup/pushup_007.mp4,62
pushup/pushup_008.mp4,62
pushup/pushup_009.mp4,62
pushup/pushup_010.mp4,62
pushup/pushup_011.mp4,62
pushup/pushup_012.mp4,62
pushup/pushup_013.mp4,62
pushup/pushup_014.mp4,62
pushup/pushup_015.mp4,62
quadruped_hip-extension/quadruped_hip-extension_000.mp4,63
quadruped_hip-extension/quadruped_hip-extension_001.mp4,63
quadruped_hip-extension/quadruped_hip-extension_002.mp4,63
quadruped_hip-extension/quadruped_hip-extension_003.mp4,63
quadruped_hip-extension/quadruped_hip-extension_004.mp4,63
quadruped_hip-extension/quadruped_hip-extension_005.mp4,63
quadruped_hip-extension/quadruped_hip-extension_006.mp4,63
quadruped_hip-extension/quadruped_hip-extension_007.mp4,63
quadruped_hip-extension/quadruped_hip-extension_008.mp4,63
quadruped_hip-extension/quadruped_hip-extension_009.mp4,63
quadruped_hip-extension/quadruped_hip-extension_010.mp4,63
quadruped_hip-extension/quadruped_hip-extension_011.mp4,63
quadruped_hip-extension/quadruped_hip-extension_012.mp4,63
quadruped_hip-extension/quadruped_hip-extension_013.mp4,63
quadruped_hip-extension/quadruped_hip-extension_014.mp4,63
quadruped_hip-extension/quadruped_hip-extension_015.mp4,63
roller-skating_forward/roller-skating_forward_000.mp4,64
roller-skating_forward/roller-skating_forward_001.mp4,64
roller-skating_forward/roller-skating_forward_002.mp4,64
roller-skating_forward/roller-skating_forward_003.mp4,64
roller-skating_forward/roller-skating_forward_004.mp4,64
roller-skating_forward/roller-skating_forward_005.mp4,64
roller-skating_forward/roller-skating_forward_006.mp4,64
roller-skating_forward/roller-skating_forward_007.mp4,64
roller-skating_forward/roller-skating_forward_008.mp4,64
roller-skating_forward/roller-skating_forward_009.mp4,64
roller-skating_forward/roller-skating_forward_010.mp4,64
roller-skating_forward/roller-skating_forward_011.mp4,64
roller-skating_forward/roller-skating_forward_012.mp4,64
roller-skating_forward/roller-skating_forward_013.mp4,64
roller-skating_forward/roller-skating_forward_014.mp4,64
roller-skating_forward/roller-skating_forward_015.mp4,64
rowing_boat/rowing_boat_000.mp4,65
rowing_boat/rowing_boat_001.mp4,65
rowing_boat/rowing_boat_002.mp4,65
rowing_boat/rowing_boat_003.mp4,65
rowing_boat/rowing_boat_004.mp4,65
rowing_boat/rowing_boat_005.mp4,65
rowing_boat/rowing_boat_006.mp4,65
rowing_boat/rowing_boat_007.mp4,65
rowing_boat/rowing_boat_008.mp4,65
rowing_boat/rowing_boat_009.mp4,65
rowing_boat/rowing_boat_010.mp4,65
rowing_boat/rowing_boat_011.mp4,65
rowing_boat/rowing_boat_012.mp4,65
rowing_boat/rowing_boat_013.mp4,65
rowing_boat/rowing_boat_014.mp4,65
rowing_boat/rowing_boat_015.mp4,65
salute/salute_000.mp4,66
salute/salute_001.mp4,66
salute/salute_002.mp4,66
salute/salute_003.mp4,66
salute/salute_004.mp4,66
salute/salute_005.mp4,66
salute/salute_006.mp4,66
salute/salute_007.mp4,66
salute/salute_008.mp4,66
salute/salute_009.mp4,66
salute/salute_010.mp4,66
salute/salute_011.mp4,66
salute/salute_012.mp4,66
salute/salute_013.mp4,66
salute/salute_014.mp4,66
salute/salute_015.mp4,66
shuffle_dance/shuffle_dance_000.mp4,67
shuffle_dance/shuffle_dance_001.mp4,67
shuffle_dance/shuffle_dance_002.mp4,67
shuffle_dance/shuffle_dance_003.mp4,67
shuffle_dance/shuffle_dance_004.mp4,67
shuffle_dance/shuffle_dance_005.mp4,67
shuffle_dance/shuffle_dance_006.mp4,67
shuffle_dance/shuffle_dance_007.mp4,67
shuffle_dance/shuffle_dance_008.mp4,67
shuffle_dance/shuffle_dance_009.mp4,67
shuffle_dance/shuffle_dance_010.mp4,67
shuffle_dance/shuffle_dance_011.mp4,67
shuffle_dance/shuffle_dance_012.mp4,67
shuffle_dance/shuffle_dance_013.mp4,67
shuffle_dance/shuffle_dance_014.mp4,67
shuffle_dance/shuffle_dance_015.mp4,67
side_lunge/side_lunge_000.mp4,68
side_lunge/side_lunge_001.mp4,68
side_lunge/side_lunge_002.mp4,68
side_lunge/side_lunge_003.mp4,68
side_lunge/side_lunge_004.mp4,68
side_lunge/side_lunge_005.mp4,68
side_lunge/side_lunge_006.mp4,68
side_lunge/side_lunge_007.mp4,68
side_lunge/side_lunge_008.mp4,68
side_lunge/side_lunge_009.mp4,68
side_lunge/side_lunge_010.mp4,68
side_lunge/side_lunge_011.mp4,68
side_lunge/side_lunge_012.mp4,68
side_lunge/side_lunge_013.mp4,68
side_lunge/side_lunge_014.mp4,68
side_lunge/side_lunge_015.mp4,68
situp/situp_000.mp4,69
situp/situp_001.mp4,69
situp/situp_002.mp4,69
situp/situp_003.mp4,69
situp/situp_004.mp4,69
situp/situp_005.mp4,69
situp/situp_006.mp4,69
situp/situp_007.mp4,69
situp/situp_008.mp4,69
situp/situp_009.mp4,69
situp/situp_010.mp4,69
situp/situp_011.mp4,69
situp/situp_012.mp4,69
situp/situp_013.mp4,69
situp/situp_014.mp4,69
situp/situp_015.mp4,69
soccer_shoot/soccer_shoot_000.mp4,71
soccer_shoot/soccer_shoot_001.mp4,71
soccer_shoot/soccer_shoot_002.mp4,71
soccer_shoot/soccer_shoot_003.mp4,71
soccer_shoot/soccer_shoot_004.mp4,71
soccer_shoot/soccer_shoot_005.mp4,71
soccer_shoot/soccer_shoot_006.mp4,71
soccer_shoot/soccer_shoot_007.mp4,71
soccer_shoot/soccer_shoot_008.mp4,71
soccer_shoot/soccer_shoot_009.mp4,71
soccer_shoot/soccer_shoot_010.mp4,71
soccer_shoot/soccer_shoot_011.mp4,71
soccer_shoot/soccer_shoot_012.mp4,71
soccer_shoot/soccer_shoot_013.mp4,71
soccer_shoot/soccer_shoot_014.mp4,71
soccer_shoot/soccer_shoot_015.mp4,71
soccer_throw/soccer_throw_000.mp4,70
soccer_throw/soccer_throw_001.mp4,70
soccer_throw/soccer_throw_002.mp4,70
soccer_throw/soccer_throw_003.mp4,70
soccer_throw/soccer_throw_004.mp4,70
soccer_throw/soccer_throw_005.mp4,70
soccer_throw/soccer_throw_006.mp4,70
soccer_throw/soccer_throw_007.mp4,70
soccer_throw/soccer_throw_008.mp4,70
soccer_throw/soccer_throw_009.mp4,70
soccer_throw/soccer_throw_010.mp4,70
soccer_throw/soccer_throw_011.mp4,70
soccer_throw/soccer_throw_012.mp4,70
soccer_throw/soccer_throw_013.mp4,70
soccer_throw/soccer_throw_014.mp4,70
soccer_throw/soccer_throw_015.mp4,70
split_leap/split_leap_000.mp4,72
split_leap/split_leap_001.mp4,72
split_leap/split_leap_002.mp4,72
split_leap/split_leap_003.mp4,72
split_leap/split_leap_004.mp4,72
split_leap/split_leap_005.mp4,72
split_leap/split_leap_006.mp4,72
split_leap/split_leap_007.mp4,72
split_leap/split_leap_008.mp4,72
split_leap/split_leap_009.mp4,72
split_leap/split_leap_010.mp4,72
split_leap/split_leap_011.mp4,72
split_leap/split_leap_012.mp4,72
split_leap/split_leap_013.mp4,72
split_leap/split_leap_014.mp4,72
split_leap/split_leap_015.mp4,72
sprint_start/sprint_start_000.mp4,73
sprint_start/sprint_start_001.mp4,73
sprint_start/sprint_start_002.mp4,73
sprint_start/sprint_start_003.mp4,73
sprint_start/sprint_start_004.mp4,73
sprint_start/sprint_start_005.mp4,73
sprint_start/sprint_start_006.mp4,73
sprint_start/sprint_start_007.mp4,73
sprint_start/sprint_start_008.mp4,73
sprint_start/sprint_start_009.mp4,73
sprint_start/sprint_start_010.mp4,73
sprint_start/sprint_start_011.mp4,73
sprint_start/sprint_start_012.mp4,73
sprint_start/sprint_start_013.mp4,73
sprint_start/sprint_start_014.mp4,73
sprint_start/sprint_start_015.mp4,73
taekwondo_low_block/taekwondo_low_block_000.mp4,74
taekwondo_low_block/taekwondo_low_block_001.mp4,74
taekwondo_low_block/taekwondo_low_block_002.mp4,74
taekwondo_low_block/taekwondo_low_block_003.mp4,74
taekwondo_low_block/taekwondo_low_block_004.mp4,74
taekwondo_low_block/taekwondo_low_block_005.mp4,74
taekwondo_low_block/taekwondo_low_block_006.mp4,74
taekwondo_low_block/taekwondo_low_block_007.mp4,74
taekwondo_low_block/taekwondo_low_block_008.mp4,74
taekwondo_low_block/taekwondo_low_block_009.mp4,74
taekwondo_low_block/taekwondo_low_block_010.mp4,74
taekwondo_low_block/taekwondo_low_block_011.mp4,74
taekwondo_low_block/taekwondo_low_block_012.mp4,74
taekwondo_low_block/taekwondo_low_block_013.mp4,74
taekwondo_low_block/taekwondo_low_block_014.mp4,74
taekwondo_low_block/taekwondo_low_block_015.mp4,74
taekwondo_middle_block/taekwondo_middle_block_000.mp4,75
taekwondo_middle_block/taekwondo_middle_block_001.mp4,75
taekwondo_middle_block/taekwondo_middle_block_002.mp4,75
taekwondo_middle_block/taekwondo_middle_block_003.mp4,75
taekwondo_middle_block/taekwondo_middle_block_004.mp4,75
taekwondo_middle_block/taekwondo_middle_block_005.mp4,75
taekwondo_middle_block/taekwondo_middle_block_006.mp4,75
taekwondo_middle_block/taekwondo_middle_block_007.mp4,75
taekwondo_middle_block/taekwondo_middle_block_008.mp4,75
taekwondo_middle_block/taekwondo_middle_block_009.mp4,75
taekwondo_middle_block/taekwondo_middle_block_010.mp4,75
taekwondo_middle_block/taekwondo_middle_block_011.mp4,75
taekwondo_middle_block/taekwondo_middle_block_012.mp4,75
taekwondo_middle_block/taekwondo_middle_block_013.mp4,75
taekwondo_middle_block/taekwondo_middle_block_014.mp4,75
taekwondo_middle_block/taekwondo_middle_block_015.mp4,75
tennis_backhand/tennis_backhand_000.mp4,76
tennis_backhand/tennis_backhand_001.mp4,76
tennis_backhand/tennis_backhand_002.mp4,76
tennis_backhand/tennis_backhand_003.mp4,76
tennis_backhand/tennis_backhand_004.mp4,76
tennis_backhand/tennis_backhand_005.mp4,76
tennis_backhand/tennis_backhand_006.mp4,76
tennis_backhand/tennis_backhand_007.mp4,76
tennis_backhand/tennis_backhand_008.mp4,76
tennis_backhand/tennis_backhand_009.mp4,76
tennis_backhand/tennis_backhand_010.mp4,76
tennis_backhand/tennis_backhand_011.mp4,76
tennis_backhand/tennis_backhand_012.mp4,76
tennis_backhand/tennis_backhand_013.mp4,76
tennis_backhand/tennis_backhand_014.mp4,76
tennis_backhand/tennis_backhand_015.mp4,76
tennis_forehand/tennis_forehand_000.mp4,77
tennis_forehand/tennis_forehand_001.mp4,77
tennis_forehand/tennis_forehand_002.mp4,77
tennis_forehand/tennis_forehand_003.mp4,77
tennis_forehand/tennis_forehand_004.mp4,77
tennis_forehand/tennis_forehand_005.mp4,77
tennis_forehand/tennis_forehand_006.mp4,77
tennis_forehand/tennis_forehand_007.mp4,77
tennis_forehand/tennis_forehand_008.mp4,77
tennis_forehand/tennis_forehand_009.mp4,77
tennis_forehand/tennis_forehand_010.mp4,77
tennis_forehand/tennis_forehand_011.mp4,77
tennis_forehand/tennis_forehand_012.mp4,77
tennis_forehand/tennis_forehand_013.mp4,77
tennis_forehand/tennis_forehand_014.mp4,77
tennis_forehand/tennis_forehand_015.mp4,77
tennis_serve/tennis_serve_000.mp4,78
tennis_serve/tennis_serve_001.mp4,78
tennis_serve/tennis_serve_002.mp4,78
tennis_serve/tennis_serve_003.mp4,78
tennis_serve/tennis_serve_004.mp4,78
tennis_serve/tennis_serve_005.mp4,78
tennis_serve/tennis_serve_006.mp4,78
tennis_serve/tennis_serve_007.mp4,78
tennis_serve/tennis_serve_008.mp4,78
tennis_serve/tennis_serve_009.mp4,78
tennis_serve/tennis_serve_010.mp4,78
tennis_serve/tennis_serve_011.mp4,78
tennis_serve/tennis_serve_012.mp4,78
tennis_serve/tennis_serve_013.mp4,78
tennis_serve/tennis_serve_014.mp4,78
tennis_serve/tennis_serve_015.mp4,78
volleyball_overhand/volleyball_overhand_000.mp4,82
volleyball_overhand/volleyball_overhand_001.mp4,82
volleyball_overhand/volleyball_overhand_002.mp4,82
volleyball_overhand/volleyball_overhand_003.mp4,82
volleyball_overhand/volleyball_overhand_004.mp4,82
volleyball_overhand/volleyball_overhand_005.mp4,82
volleyball_overhand/volleyball_overhand_006.mp4,82
volleyball_overhand/volleyball_overhand_007.mp4,82
volleyball_overhand/volleyball_overhand_008.mp4,82
volleyball_overhand/volleyball_overhand_009.mp4,82
volleyball_overhand/volleyball_overhand_010.mp4,82
volleyball_overhand/volleyball_overhand_011.mp4,82
volleyball_overhand/volleyball_overhand_012.mp4,82
volleyball_overhand/volleyball_overhand_013.mp4,82
volleyball_overhand/volleyball_overhand_014.mp4,82
volleyball_overhand/volleyball_overhand_015.mp4,82
volleyball_pass/volleyball_pass_000.mp4,81
volleyball_pass/volleyball_pass_001.mp4,81
volleyball_pass/volleyball_pass_002.mp4,81
volleyball_pass/volleyball_pass_003.mp4,81
volleyball_pass/volleyball_pass_004.mp4,81
volleyball_pass/volleyball_pass_005.mp4,81
volleyball_pass/volleyball_pass_006.mp4,81
volleyball_pass/volleyball_pass_007.mp4,81
volleyball_pass/volleyball_pass_008.mp4,81
volleyball_pass/volleyball_pass_009.mp4,81
volleyball_pass/volleyball_pass_010.mp4,81
volleyball_pass/volleyball_pass_011.mp4,81
volleyball_pass/volleyball_pass_012.mp4,81
volleyball_pass/volleyball_pass_013.mp4,81
volleyball_pass/volleyball_pass_014.mp4,81
volleyball_pass/volleyball_pass_015.mp4,81
volleyball_set/volleyball_set_000.mp4,80
volleyball_set/volleyball_set_001.mp4,80
volleyball_set/volleyball_set_002.mp4,80
volleyball_set/volleyball_set_003.mp4,80
volleyball_set/volleyball_set_004.mp4,80
volleyball_set/volleyball_set_005.mp4,80
volleyball_set/volleyball_set_006.mp4,80
volleyball_set/volleyball_set_007.mp4,80
volleyball_set/volleyball_set_008.mp4,80
volleyball_set/volleyball_set_009.mp4,80
volleyball_set/volleyball_set_010.mp4,80
volleyball_set/volleyball_set_011.mp4,80
volleyball_set/volleyball_set_012.mp4,80
volleyball_set/volleyball_set_013.mp4,80
volleyball_set/volleyball_set_014.mp4,80
volleyball_set/volleyball_set_015.mp4,80
volleyball_underhand/volleyball_underhand_000.mp4,79
volleyball_underhand/volleyball_underhand_001.mp4,79
volleyball_underhand/volleyball_underhand_002.mp4,79
volleyball_underhand/volleyball_underhand_003.mp4,79
volleyball_underhand/volleyball_underhand_004.mp4,79
volleyball_underhand/volleyball_underhand_005.mp4,79
volleyball_underhand/volleyball_underhand_006.mp4,79
volleyball_underhand/volleyball_underhand_007.mp4,79
volleyball_underhand/volleyball_underhand_008.mp4,79
volleyball_underhand/volleyball_underhand_009.mp4,79
volleyball_underhand/volleyball_underhand_010.mp4,79
volleyball_underhand/volleyball_underhand_011.mp4,79
volleyball_underhand/volleyball_underhand_012.mp4,79
volleyball_underhand/volleyball_underhand_013.mp4,79
volleyball_underhand/volleyball_underhand_014.mp4,79
volleyball_underhand/volleyball_underhand_015.mp4,79
weightlifting_hang/weightlifting_hang_000.mp4,85
weightlifting_hang/weightlifting_hang_001.mp4,85
weightlifting_hang/weightlifting_hang_002.mp4,85
weightlifting_hang/weightlifting_hang_003.mp4,85
weightlifting_hang/weightlifting_hang_004.mp4,85
weightlifting_hang/weightlifting_hang_005.mp4,85
weightlifting_hang/weightlifting_hang_006.mp4,85
weightlifting_hang/weightlifting_hang_007.mp4,85
weightlifting_hang/weightlifting_hang_008.mp4,85
weightlifting_hang/weightlifting_hang_009.mp4,85
weightlifting_hang/weightlifting_hang_010.mp4,85
weightlifting_hang/weightlifting_hang_011.mp4,85
weightlifting_hang/weightlifting_hang_012.mp4,85
weightlifting_hang/weightlifting_hang_013.mp4,85
weightlifting_hang/weightlifting_hang_014.mp4,85
weightlifting_hang/weightlifting_hang_015.mp4,85
weightlifting_overhead/weightlifting_overhead_000.mp4,84
weightlifting_overhead/weightlifting_overhead_001.mp4,84
weightlifting_overhead/weightlifting_overhead_002.mp4,84
weightlifting_overhead/weightlifting_overhead_003.mp4,84
weightlifting_overhead/weightlifting_overhead_004.mp4,84
weightlifting_overhead/weightlifting_overhead_005.mp4,84
weightlifting_overhead/weightlifting_overhead_006.mp4,84
weightlifting_overhead/weightlifting_overhead_007.mp4,84
weightlifting_overhead/weightlifting_overhead_008.mp4,84
weightlifting_overhead/weightlifting_overhead_009.mp4,84
weightlifting_overhead/weightlifting_overhead_010.mp4,84
weightlifting_overhead/weightlifting_overhead_011.mp4,84
weightlifting_overhead/weightlifting_overhead_012.mp4,84
weightlifting_overhead/weightlifting_overhead_013.mp4,84
weightlifting_overhead/weightlifting_overhead_014.mp4,84
weightlifting_overhead/weightlifting_overhead_015.mp4,84
weightlifting_stand/weightlifting_stand_000.mp4,83
weightlifting_stand/weightlifting_stand_001.mp4,83
weightlifting_stand/weightlifting_stand_002.mp4,83
weightlifting_stand/weightlifting_stand_003.mp4,83
weightlifting_stand/weightlifting_stand_004.mp4,83
weightlifting_stand/weightlifting_stand_005.mp4,83
weightlifting_stand/weightlifting_stand_006.mp4,83
weightlifting_stand/weightlifting_stand_007.mp4,83
weightlifting_stand/weightlifting_stand_008.mp4,83
weightlifting_stand/weightlifting_stand_009.mp4,83
weightlifting_stand/weightlifting_stand_010.mp4,83
weightlifting_stand/weightlifting_stand_011.mp4,83
weightlifting_stand/weightlifting_stand_012.mp4,83
weightlifting_stand/weightlifting_stand_013.mp4,83
weightlifting_stand/weightlifting_stand_014.mp4,83
weightlifting_stand/weightlifting_stand_015.mp4,83
workout_chest-pull/workout_chest-pull_000.mp4,86
workout_chest-pull/workout_chest-pull_001.mp4,86
workout_chest-pull/workout_chest-pull_002.mp4,86
workout_chest-pull/workout_chest-pull_003.mp4,86
workout_chest-pull/workout_chest-pull_004.mp4,86
workout_chest-pull/workout_chest-pull_005.mp4,86
workout_chest-pull/workout_chest-pull_006.mp4,86
workout_chest-pull/workout_chest-pull_007.mp4,86
workout_chest-pull/workout_chest-pull_008.mp4,86
workout_chest-pull/workout_chest-pull_009.mp4,86
workout_chest-pull/workout_chest-pull_010.mp4,86
workout_chest-pull/workout_chest-pull_011.mp4,86
workout_chest-pull/workout_chest-pull_012.mp4,86
workout_chest-pull/workout_chest-pull_013.mp4,86
workout_chest-pull/workout_chest-pull_014.mp4,86
workout_chest-pull/workout_chest-pull_015.mp4,86
workout_crunch/workout_crunch_000.mp4,87
workout_crunch/workout_crunch_001.mp4,87
workout_crunch/workout_crunch_002.mp4,87
workout_crunch/workout_crunch_003.mp4,87
workout_crunch/workout_crunch_004.mp4,87
workout_crunch/workout_crunch_005.mp4,87
workout_crunch/workout_crunch_006.mp4,87
workout_crunch/workout_crunch_007.mp4,87
workout_crunch/workout_crunch_008.mp4,87
workout_crunch/workout_crunch_009.mp4,87
workout_crunch/workout_crunch_010.mp4,87
workout_crunch/workout_crunch_011.mp4,87
workout_crunch/workout_crunch_012.mp4,87
workout_crunch/workout_crunch_013.mp4,87
workout_crunch/workout_crunch_014.mp4,87
workout_crunch/workout_crunch_015.mp4,87
yoga_bridge/yoga_bridge_000.mp4,88
yoga_bridge/yoga_bridge_001.mp4,88
yoga_bridge/yoga_bridge_002.mp4,88
yoga_bridge/yoga_bridge_003.mp4,88
yoga_bridge/yoga_bridge_004.mp4,88
yoga_bridge/yoga_bridge_005.mp4,88
yoga_bridge/yoga_bridge_006.mp4,88
yoga_bridge/yoga_bridge_007.mp4,88
yoga_bridge/yoga_bridge_008.mp4,88
yoga_bridge/yoga_bridge_009.mp4,88
yoga_bridge/yoga_bridge_010.mp4,88
yoga_bridge/yoga_bridge_011.mp4,88
yoga_bridge/yoga_bridge_012.mp4,88
yoga_bridge/yoga_bridge_013.mp4,88
yoga_bridge/yoga_bridge_014.mp4,88
yoga_bridge/yoga_bridge_015.mp4,88
yoga_cat/yoga_cat_000.mp4,89
yoga_cat/yoga_cat_001.mp4,89
yoga_cat/yoga_cat_002.mp4,89
yoga_cat/yoga_cat_003.mp4,89
yoga_cat/yoga_cat_004.mp4,89
yoga_cat/yoga_cat_005.mp4,89
yoga_cat/yoga_cat_006.mp4,89
yoga_cat/yoga_cat_007.mp4,89
yoga_cat/yoga_cat_008.mp4,89
yoga_cat/yoga_cat_009.mp4,89
yoga_cat/yoga_cat_010.mp4,89
yoga_cat/yoga_cat_011.mp4,89
yoga_cat/yoga_cat_012.mp4,89
yoga_cat/yoga_cat_013.mp4,89
yoga_cat/yoga_cat_014.mp4,89
yoga_cat/yoga_cat_015.mp4,89
yoga_dancer/yoga_dancer_000.mp4,90
yoga_dancer/yoga_dancer_001.mp4,90
yoga_dancer/yoga_dancer_002.mp4,90
yoga_dancer/yoga_dancer_003.mp4,90
yoga_dancer/yoga_dancer_004.mp4,90
yoga_dancer/yoga_dancer_005.mp4,90
yoga_dancer/yoga_dancer_006.mp4,90
yoga_dancer/yoga_dancer_007.mp4,90
yoga_dancer/yoga_dancer_008.mp4,90
yoga_dancer/yoga_dancer_009.mp4,90
yoga_dancer/yoga_dancer_010.mp4,90
yoga_dancer/yoga_dancer_011.mp4,90
yoga_dancer/yoga_dancer_012.mp4,90
yoga_dancer/yoga_dancer_013.mp4,90
yoga_dancer/yoga_dancer_014.mp4,90
yoga_dancer/yoga_dancer_015.mp4,90
yoga_firefly/yoga_firefly_000.mp4,91
yoga_firefly/yoga_firefly_001.mp4,91
yoga_firefly/yoga_firefly_002.mp4,91
yoga_firefly/yoga_firefly_003.mp4,91
yoga_firefly/yoga_firefly_004.mp4,91
yoga_firefly/yoga_firefly_005.mp4,91
yoga_firefly/yoga_firefly_006.mp4,91
yoga_firefly/yoga_firefly_007.mp4,91
yoga_firefly/yoga_firefly_008.mp4,91
yoga_firefly/yoga_firefly_009.mp4,91
yoga_firefly/yoga_firefly_010.mp4,91
yoga_firefly/yoga_firefly_011.mp4,91
yoga_firefly/yoga_firefly_012.mp4,91
yoga_firefly/yoga_firefly_013.mp4,91
yoga_firefly/yoga_firefly_014.mp4,91
yoga_firefly/yoga_firefly_015.mp4,91
yoga_fish/yoga_fish_000.mp4,92
yoga_fish/yoga_fish_001.mp4,92
yoga_fish/yoga_fish_002.mp4,92
yoga_fish/yoga_fish_003.mp4,92
yoga_fish/yoga_fish_004.mp4,92
yoga_fish/yoga_fish_005.mp4,92
yoga_fish/yoga_fish_006.mp4,92
yoga_fish/yoga_fish_007.mp4,92
yoga_fish/yoga_fish_008.mp4,92
yoga_fish/yoga_fish_009.mp4,92
yoga_fish/yoga_fish_010.mp4,92
yoga_fish/yoga_fish_011.mp4,92
yoga_fish/yoga_fish_012.mp4,92
yoga_fish/yoga_fish_013.mp4,92
yoga_fish/yoga_fish_014.mp4,92
yoga_fish/yoga_fish_015.mp4,92
yoga_gate/yoga_gate_000.mp4,93
yoga_gate/yoga_gate_001.mp4,93
yoga_gate/yoga_gate_002.mp4,93
yoga_gate/yoga_gate_003.mp4,93
yoga_gate/yoga_gate_004.mp4,93
yoga_gate/yoga_gate_005.mp4,93
yoga_gate/yoga_gate_006.mp4,93
yoga_gate/yoga_gate_007.mp4,93
yoga_gate/yoga_gate_008.mp4,93
yoga_gate/yoga_gate_009.mp4,93
yoga_gate/yoga_gate_010.mp4,93
yoga_gate/yoga_gate_011.mp4,93
yoga_gate/yoga_gate_012.mp4,93
yoga_gate/yoga_gate_013.mp4,93
yoga_gate/yoga_gate_014.mp4,93
yoga_gate/yoga_gate_015.mp4,93
yoga_locust/yoga_locust_000.mp4,94
yoga_locust/yoga_locust_001.mp4,94
yoga_locust/yoga_locust_002.mp4,94
yoga_locust/yoga_locust_003.mp4,94
yoga_locust/yoga_locust_004.mp4,94
yoga_locust/yoga_locust_005.mp4,94
yoga_locust/yoga_locust_006.mp4,94
yoga_locust/yoga_locust_007.mp4,94
yoga_locust/yoga_locust_008.mp4,94
yoga_locust/yoga_locust_009.mp4,94
yoga_locust/yoga_locust_010.mp4,94
yoga_locust/yoga_locust_011.mp4,94
yoga_locust/yoga_locust_012.mp4,94
yoga_locust/yoga_locust_013.mp4,94
yoga_locust/yoga_locust_014.mp4,94
yoga_locust/yoga_locust_015.mp4,94
yoga_lotus/yoga_lotus_000.mp4,95
yoga_lotus/yoga_lotus_001.mp4,95
yoga_lotus/yoga_lotus_002.mp4,95
yoga_lotus/yoga_lotus_003.mp4,95
yoga_lotus/yoga_lotus_004.mp4,95
yoga_lotus/yoga_lotus_005.mp4,95
yoga_lotus/yoga_lotus_006.mp4,95
yoga_lotus/yoga_lotus_007.mp4,95
yoga_lotus/yoga_lotus_008.mp4,95
yoga_lotus/yoga_lotus_009.mp4,95
yoga_lotus/yoga_lotus_010.mp4,95
yoga_lotus/yoga_lotus_011.mp4,95
yoga_lotus/yoga_lotus_012.mp4,95
yoga_lotus/yoga_lotus_013.mp4,95
yoga_lotus/yoga_lotus_014.mp4,95
yoga_lotus/yoga_lotus_015.mp4,95
yoga_pigeon/yoga_pigeon_000.mp4,96
yoga_pigeon/yoga_pigeon_001.mp4,96
yoga_pigeon/yoga_pigeon_002.mp4,96
yoga_pigeon/yoga_pigeon_003.mp4,96
yoga_pigeon/yoga_pigeon_004.mp4,96
yoga_pigeon/yoga_pigeon_005.mp4,96
yoga_pigeon/yoga_pigeon_006.mp4,96
yoga_pigeon/yoga_pigeon_007.mp4,96
yoga_pigeon/yoga_pigeon_008.mp4,96
yoga_pigeon/yoga_pigeon_009.mp4,96
yoga_pigeon/yoga_pigeon_010.mp4,96
yoga_pigeon/yoga_pigeon_011.mp4,96
yoga_pigeon/yoga_pigeon_012.mp4,96
yoga_pigeon/yoga_pigeon_013.mp4,96
yoga_pigeon/yoga_pigeon_014.mp4,96
yoga_pigeon/yoga_pigeon_015.mp4,96
yoga_tree/yoga_tree_000.mp4,97
yoga_tree/yoga_tree_001.mp4,97
yoga_tree/yoga_tree_002.mp4,97
yoga_tree/yoga_tree_003.mp4,97
yoga_tree/yoga_tree_004.mp4,97
yoga_tree/yoga_tree_005.mp4,97
yoga_tree/yoga_tree_006.mp4,97
yoga_tree/yoga_tree_007.mp4,97
yoga_tree/yoga_tree_008.mp4,97
yoga_tree/yoga_tree_009.mp4,97
yoga_tree/yoga_tree_010.mp4,97
yoga_tree/yoga_tree_011.mp4,97
yoga_tree/yoga_tree_012.mp4,97
yoga_tree/yoga_tree_013.mp4,97
yoga_tree/yoga_tree_014.mp4,97
yoga_tree/yoga_tree_015.mp4,97
yoga_triangle/yoga_triangle_000.mp4,98
yoga_triangle/yoga_triangle_001.mp4,98
yoga_triangle/yoga_triangle_002.mp4,98
yoga_triangle/yoga_triangle_003.mp4,98
yoga_triangle/yoga_triangle_004.mp4,98
yoga_triangle/yoga_triangle_005.mp4,98
yoga_triangle/yoga_triangle_006.mp4,98
yoga_triangle/yoga_triangle_007.mp4,98
yoga_triangle/yoga_triangle_008.mp4,98
yoga_triangle/yoga_triangle_009.mp4,98
yoga_triangle/yoga_triangle_010.mp4,98
yoga_triangle/yoga_triangle_011.mp4,98
yoga_triangle/yoga_triangle_012.mp4,98
yoga_triangle/yoga_triangle_013.mp4,98
yoga_triangle/yoga_triangle_014.mp4,98
yoga_triangle/yoga_triangle_015.mp4,98
yoga_updog/yoga_updog_000.mp4,99
yoga_updog/yoga_updog_001.mp4,99
yoga_updog/yoga_updog_002.mp4,99
yoga_updog/yoga_updog_003.mp4,99
yoga_updog/yoga_updog_004.mp4,99
yoga_updog/yoga_updog_005.mp4,99
yoga_updog/yoga_updog_006.mp4,99
yoga_updog/yoga_updog_007.mp4,99
yoga_updog/yoga_updog_008.mp4,99
yoga_updog/yoga_updog_009.mp4,99
yoga_updog/yoga_updog_010.mp4,99
yoga_updog/yoga_updog_011.mp4,99
yoga_updog/yoga_updog_012.mp4,99
yoga_updog/yoga_updog_013.mp4,99
yoga_updog/yoga_updog_014.mp4,99
yoga_updog/yoga_updog_015.mp4,99