arm_wrestling/arm_wrestling_000.mp4,14
arm_wrestling/arm_wrestling_001.mp4,14
arm_wrestling/arm_wrestling_002.mp4,14
arm_wrestling/arm_wrestling_003.mp4,14
arm_wrestling/arm_wrestling_004.mp4,14
arm_wrestling/arm_wrestling_005.mp4,14
arm_wrestling/arm_wrestling_006.mp4,14
arm_wrestling/arm_wrestling_007.mp4,14
arm_wrestling/arm_wrestling_008.mp4,14
arm_wrestling/arm_wrestling_009.mp4,14
arm_wrestling/arm_wrestling_010.mp4,14
arm_wrestling/arm_wrestling_011.mp4,14
arm_wrestling/arm_wrestling_012.mp4,14
arm_wrestling/arm_wrestling_013.mp4,14
arm_wrestling/arm_wrestling_014.mp4,14
arm_wrestling/arm_wrestling_015.mp4,14
backflip/backflip_000.mp4,6
backflip/backflip_001.mp4,6
backflip/backflip_002.mp4,6
backflip/backflip_003.mp4,6
backflip/backflip_004.mp4,6
backflip/backflip_005.mp4,6
backflip/backflip_006.mp4,6
backflip/backflip_007.mp4,6
backflip/backflip_008.mp4,6
backflip/backflip_009.mp4,6
backflip/backflip_010.mp4,6
backflip/backflip_011.mp4,6
backflip/backflip_012.mp4,6
backflip/backflip_013.mp4,6
backflip/backflip_014.mp4,6
backflip/backflip_015.mp4,6
baseball_swing/baseball_swing_000.mp4,7
baseball_swing/baseball_swing_001.mp4,7
baseball_swing/baseball_swing_002.mp4,7
baseball_swing/baseball_swing_003.mp4,7
baseball_swing/baseball_swing_004.mp4,7
baseball_swing/baseball_swing_005.mp4,7
baseball_swing/baseball_swing_006.mp4,7
baseball_swing/baseball_swing_007.mp4,7
baseball_swing/baseball_swing_008.mp4,7
baseball_swing/baseball_swing_009.mp4,7
baseball_swing/baseball_swing_010.mp4,7
baseball_swing/baseball_swing_011.mp4,7
baseball_swing/baseball_swing_012.mp4,7
baseball_swing/baseball_swing_013.mp4,7
baseball_swing/baseball_swing_014.mp4,7
baseball_swing/baseball_swing_015.mp4,7
basketball_shoot/basketball_shoot_000.mp4,8
basketball_shoot/basketball_shoot_001.mp4,8
basketball_shoot/basketball_shoot_002.mp4,8
basketball_shoot/basketball_shoot_003.mp4,8
basketball_shoot/basketball_shoot_004.mp4,8
basketball_shoot/basketball_shoot_005.mp4,8
basketball_shoot/basketball_shoot_006.mp4,8
basketball_shoot/basketball_shoot_007.mp4,8
basketball_shoot/basketball_shoot_008.mp4,8
basketball_shoot/basketball_shoot_009.mp4,8
basketball_shoot/basketball_shoot_010.mp4,8
basketball_shoot/basketball_shoot_011.mp4,8
basketball_shoot/basketball_shoot_012.mp4,8
basketball_shoot/basketball_shoot_013.mp4,8
basketball_shoot/basketball_shoot_014.mp4,8
basketball_shoot/basketball_shoot_015.mp4,8
frog_jump/frog_jump_000.mp4,9
frog_jump/frog_jump_001.mp4,9
frog_jump/frog_jump_002.mp4,9
frog_jump/frog_jump_003.mp4,9
frog_jump/frog_jump_004.mp4,9
frog_jump/frog_jump_005.mp4,9
frog_jump/frog_jump_006.mp4,9
frog_jump/frog_jump_007.mp4,9
frog_jump/frog_jump_008.mp4,9
frog_jump/frog_jump_009.mp4,9
frog_jump/frog_jump_010.mp4,9
frog_jump/frog_jump_011.mp4,9
frog_jump/frog_jump_012.mp4,9
frog_jump/frog_jump_013.mp4,9
frog_jump/frog_jump_014.mp4,9
frog_jump/frog_jump_015.mp4,9
golf_swing/golf_swing_000.mp4,11
golf_swing/golf_swing_001.mp4,11
golf_swing/golf_swing_002.mp4,11
golf_swing/golf_swing_003.mp4,11
golf_swing/golf_swing_004.mp4,11
golf_swing/golf_swing_005.mp4,11
golf_swing/golf_swing_006.mp4,11
golf_swing/golf_swing_007.mp4,11
golf_swing/golf_swing_008.mp4,11
golf_swing/golf_swing_009.mp4,11
golf_swing/golf_swing_010.mp4,11
golf_swing/golf_swing_011.mp4,11
golf_swing/golf_swing_012.mp4,11
golf_swing/golf_swing_013.mp4,11
golf_swing/golf_swing_014.mp4,11
golf_swing/golf_swing_015.mp4,11
leg_split/leg_split_000.mp4,15
leg_split/leg_split_001.mp4,15
leg_split/leg_split_002.mp4,15
leg_split/leg_split_003.mp4,15
leg_split/leg_split_004.mp4,15
leg_split/leg_split_005.mp4,15
leg_split/leg_split_006.mp4,15
leg_split/leg_split_007.mp4,15
leg_split/leg_split_008.mp4,15
leg_split/leg_split_009.mp4,15
leg_split/leg_split_010.mp4,15
leg_split/leg_split_011.mp4,15
leg_split/leg_split_012.mp4,15
leg_split/leg_split_013.mp4,15
leg_split/leg_split_014.mp4,15
leg_split/leg_split_015.mp4,15
pushup/pushup_000.mp4,12
pushup/pushup_001.mp4,12
pushup/pushup_002.mp4,12
pushup/pushup_003.mp4,12
pushup/pushup_004.mp4,12
pushup/pushup_005.mp4,12
pushup/pushup_006.mp4,12
pushup/pushup_007.mp4,12
pushup/pushup_008.mp4,12
pushup/pushup_009.mp4,12
pushup/pushup_010.mp4,12
pushup/pushup_011.mp4,12
pushup/pushup_012.mp4,12
pushup/pushup_013.mp4,12
pushup/pushup_014.mp4,12
pushup/pushup_015.mp4,12
taekwondo_punch/taekwondo_punch_000.mp4,18
taekwondo_punch/taekwondo_punch_001.mp4,18
taekwondo_punch/taekwondo_punch_002.mp4,18
taekwondo_punch/taekwondo_punch_003.mp4,18
taekwondo_punch/taekwondo_punch_004.mp4,18
taekwondo_punch/taekwondo_punch_005.mp4,18
taekwondo_punch/taekwondo_punch_006.mp4,18
taekwondo_punch/taekwondo_punch_007.mp4,18
taekwondo_punch/taekwondo_punch_008.mp4,18
taekwondo_punch/taekwondo_punch_009.mp4,18
taekwondo_punch/taekwondo_punch_010.mp4,18
taekwondo_punch/taekwondo_punch_011.mp4,18
taekwondo_punch/taekwondo_punch_012.mp4,18
taekwondo_punch/taekwondo_punch_013.mp4,18
taekwondo_punch/taekwondo_punch_014.mp4,18
taekwondo_punch/taekwondo_punch_015.mp4,18
tennis_serve/tennis_serve_000.mp4,19
tennis_serve/tennis_serve_001.mp4,19
tennis_serve/tennis_serve_002.mp4,19
tennis_serve/tennis_serve_003.mp4,19
tennis_serve/tennis_serve_004.mp4,19
tennis_serve/tennis_serve_005.mp4,19
tennis_serve/tennis_serve_006.mp4,19
tennis_serve/tennis_serve_007.mp4,19
tennis_serve/tennis_serve_008.mp4,19
tennis_serve/tennis_serve_009.mp4,19
tennis_serve/tennis_serve_010.mp4,19
tennis_serve/tennis_serve_011.mp4,19
tennis_serve/tennis_serve_012.mp4,19
tennis_serve/tennis_serve_013.mp4,19
tennis_serve/tennis_serve_014.mp4,19
tennis_serve/tennis_serve_015.mp4,19
volleyball_pass/volleyball_pass_000.mp4,17
volleyball_pass/volleyball_pass_001.mp4,17
volleyball_pass/volleyball_pass_002.mp4,17
volleyball_pass/volleyball_pass_003.mp4,17
volleyball_pass/volleyball_pass_004.mp4,17
volleyball_pass/volleyball_pass_005.mp4,17
volleyball_pass/volleyball_pass_006.mp4,17
volleyball_pass/volleyball_pass_007.mp4,17
volleyball_pass/volleyball_pass_008.mp4,17
volleyball_pass/volleyball_pass_009.mp4,17
volleyball_pass/volleyball_pass_010.mp4,17
volleyball_pass/volleyball_pass_011.mp4,17
volleyball_pass/volleyball_pass_012.mp4,17
volleyball_pass/volleyball_pass_013.mp4,17
volleyball_pass/volleyball_pass_014.mp4,17
volleyball_pass/volleyball_pass_015.mp4,17
weightlifting_hang/weightlifting_hang_000.mp4,16
weightlifting_hang/weightlifting_hang_001.mp4,16
weightlifting_hang/weightlifting_hang_002.mp4,16
weightlifting_hang/weightlifting_hang_003.mp4,16
weightlifting_hang/weightlifting_hang_004.mp4,16
weightlifting_hang/weightlifting_hang_005.mp4,16
weightlifting_hang/weightlifting_hang_006.mp4,16
weightlifting_hang/weightlifting_hang_007.mp4,16
weightlifting_hang/weightlifting_hang_008.mp4,16
weightlifting_hang/weightlifting_hang_009.mp4,16
weightlifting_hang/weightlifting_hang_010.mp4,16
weightlifting_hang/weightlifting_hang_011.mp4,16
weightlifting_hang/weightlifting_hang_012.mp4,16
weightlifting_hang/weightlifting_hang_013.mp4,16
weightlifting_hang/weightlifting_hang_014.mp4,16
weightlifting_hang/weightlifting_hang_015.mp4,16
workout_crunch/workout_crunch_000.mp4,10
workout_crunch/workout_crunch_001.mp4,10
workout_crunch/workout_crunch_002.mp4,10
workout_crunch/workout_crunch_003.mp4,10
workout_crunch/workout_crunch_004.mp4,10
workout_crunch/workout_crunch_005.mp4,10
workout_crunch/workout_crunch_006.mp4,10
workout_crunch/workout_crunch_007.mp4,10
workout_crunch/workout_crunch_008.mp4,10
workout_crunch/workout_crunch_009.mp4,10
workout_crunch/workout_crunch_010.mp4,10
workout_crunch/workout_crunch_011.mp4,10
workout_crunch/workout_crunch_012.mp4,10
workout_crunch/workout_crunch_013.mp4,10
workout_crunch/workout_crunch_014.mp4,10
workout_crunch/workout_crunch_015.mp4,10
yoga_cat/yoga_cat_000.mp4,1
yoga_cat/yoga_cat_001.mp4,1
yoga_cat/yoga_cat_002.mp4,1
yoga_cat/yoga_cat_003.mp4,1
yoga_cat/yoga_cat_004.mp4,1
yoga_cat/yoga_cat_005.mp4,1
yoga_cat/yoga_cat_006.mp4,1
yoga_cat/yoga_cat_007.mp4,1
yoga_cat/yoga_cat_008.mp4,1
yoga_cat/yoga_cat_009.mp4,1
yoga_cat/yoga_cat_010.mp4,1
yoga_cat/yoga_cat_011.mp4,1
yoga_cat/yoga_cat_012.mp4,1
yoga_cat/yoga_cat_013.mp4,1
yoga_cat/yoga_cat_014.mp4,1
yoga_cat/yoga_cat_015.mp4,1
yoga_dancer/yoga_dancer_000.mp4,0
yoga_dancer/yoga_dancer_001.mp4,0
yoga_dancer/yoga_dancer_002.mp4,0
yoga_dancer/yoga_dancer_003.mp4,0
yoga_dancer/yoga_dancer_004.mp4,0
yoga_dancer/yoga_dancer_005.mp4,0
yoga_dancer/yoga_dancer_006.mp4,0
yoga_dancer/yoga_dancer_007.mp4,0
yoga_dancer/yoga_dancer_008.mp4,0
yoga_dancer/yoga_dancer_009.mp4,0
yoga_dancer/yoga_dancer_010.mp4,0
yoga_dancer/yoga_dancer_011.mp4,0
yoga_dancer/yoga_dancer_012.mp4,0
yoga_dancer/yoga_dancer_013.mp4,0
yoga_dancer/yoga_dancer_014.mp4,0
yoga_dancer/yoga_dancer_015.mp4,0
yoga_firefly/yoga_firefly_000.mp4,3
yoga_firefly/yoga_firefly_001.mp4,3
yoga_firefly/yoga_firefly_002.mp4,3
yoga_firefly/yoga_firefly_003.mp4,3
yoga_firefly/yoga_firefly_004.mp4,3
yoga_firefly/yoga_firefly_005.mp4,3
yoga_firefly/yoga_firefly_006.mp4,3
yoga_firefly/yoga_firefly_007.mp4,3
yoga_firefly/yoga_firefly_008.mp4,3
yoga_firefly/yoga_firefly_009.mp4,3
yoga_firefly/yoga_firefly_010.mp4,3
yoga_firefly/yoga_firefly_011.mp4,3
yoga_firefly/yoga_firefly_012.mp4,3
yoga_firefly/yoga_firefly_013.mp4,3
yoga_firefly/yoga_firefly_014.mp4,3
yoga_firefly/yoga_firefly_015.mp4,3
yoga_gate/yoga_gate_000.mp4,5
yoga_gate/yoga_gate_001.mp4,5
yoga_gate/yoga_gate_002.mp4,5
yoga_gate/yoga_gate_003.mp4,5
yoga_gate/yoga_gate_004.mp4,5
yoga_gate/yoga_gate_005.mp4,5
yoga_gate/yoga_gate_006.mp4,5
yoga_gate/yoga_gate_007.mp4,5
yoga_gate/yoga_gate_008.mp4,5
yoga_gate/yoga_gate_009.mp4,5
yoga_gate/yoga_gate_010.mp4,5
yoga_gate/yoga_gate_011.mp4,5
yoga_gate/yoga_gate_012.mp4,5
yoga_gate/yoga_gate_013.mp4,5
yoga_gate/yoga_gate_014.mp4,5
yoga_gate/yoga_gate_015.mp4,5
yoga_locust/yoga_locust_000.mp4,13
yoga_locust/yoga_locust_001.mp4,13
yoga_locust/yoga_locust_002.mp4,13
yoga_locust/yoga_locust_003.mp4,13
yoga_locust/yoga_locust_004.mp4,13
yoga_locust/yoga_locust_005.mp4,13
yoga_locust/yoga_locust_006.mp4,13
yoga_locust/yoga_locust_007.mp4,13
yoga_locust/yoga_locust_008.mp4,13
yoga_locust/yoga_locust_009.mp4,13
yoga_locust/yoga_locust_010.mp4,13
yoga_locust/yoga_locust_011.mp4,13
yoga_locust/yoga_locust_012.mp4,13
yoga_locust/yoga_locust_013.mp4,13
yoga_locust/yoga_locust_014.mp4,13
yoga_locust/yoga_locust_015.mp4,13
yoga_pigeon/yoga_pigeon_000.mp4,4
yoga_pigeon/yoga_pigeon_001.mp4,4
yoga_pigeon/yoga_pigeon_002.mp4,4
yoga_pigeon/yoga_pigeon_003.mp4,4
yoga_pigeon/yoga_pigeon_004.mp4,4
yoga_pigeon/yoga_pigeon_005.mp4,4
yoga_pigeon/yoga_pigeon_006.mp4,4
yoga_pigeon/yoga_pigeon_007.mp4,4
yoga_pigeon/yoga_pigeon_008.mp4,4
yoga_pigeon/yoga_pigeon_009.mp4,4
yoga_pigeon/yoga_pigeon_010.mp4,4
yoga_pigeon/yoga_pigeon_011.mp4,4
yoga_pigeon/yoga_pigeon_012.mp4,4
yoga_pigeon/yoga_pigeon_013.mp4,4
yoga_pigeon/yoga_pigeon_014.mp4,4
yoga_pigeon/yoga_pigeon_015.mp4,4
yoga_tree/yoga_tree_000.mp4,2
yoga_tree/yoga_tree_001.mp4,2
yoga_tree/yoga_tree_002.mp4,2
yoga_tree/yoga_tree_003.mp4,2
yoga_tree/yoga_tree_004.mp4,2
yoga_tree/yoga_tree_005.mp4,2
yoga_tree/yoga_tree_006.mp4,2
yoga_tree/yoga_tree_007.mp4,2
yoga_tree/yoga_tree_008.mp4,2
yoga_tree/yoga_tree_009.mp4,2
yoga_tree/yoga_tree_010.mp4,2
yoga_tree/yoga_tree_011.mp4,2
yoga_tree/yoga_tree_012.mp4,2
yoga_tree/yoga_tree_013.mp4,2
yoga_tree/yoga_tree_014.mp4,2
yoga_tree/yoga_tree_015.mp4,2